"Name","Code"
"A","1"
"Aa","11"
"Ab","111"
"Abb","112"
"Abbe","113"
"Abbot","114"
"Abbott","115"
"Abd","116"
"Abde","117"
"Abdi","118"
"Abe","119"
"Abec","12"
"Abel","121"
"Abelh","122"
"Abell","123"
"Aben","124"
"Aber","125"
"Abere","126"
"Abern","127"
"Abes","128"
"Abet","129"
"Abi","13"
"Abil","131"
"Abin","132"
"Abir","133"
"Abis","134"
"Abl","135"
"Abo","136"
"Abou","137"
"Abra","138"
"Abrah","139"
"Abram","14"
"Abran","141"
"Abrandis","142"
"Abrantes","143"
"Abre","144"
"Abreu","145"
"Abreu, M.","146"
"Abri","147"
"Abro","148"
"Abru","149"
"Abu","15"
"Abuce","151"
"Abus","152"
"Aca","153"
"Acc","154"
"Accio","155"
"Accur","156"
"Ace","157"
"Acer","158"
"Acev","159"
"Acha","16"
"Ache","161"
"Achi","162"
"Acho","163"
"Achu","164"
"Ack","165"
"Acke","166"
"Aco","167"
"Acqua","168"
"Acque","169"
"Acr","17"
"Acre","171"
"Ada","172"
"Adam","173"
"Adami","174"
"Adamo","175"
"Adams","176"
"Adas","177"
"Adat","178"
"Add","179"
"Addis","18"
"Addison","181"
"Aden","182"
"Adh","183"
"Adk","184"
"Adl","185"
"Adlo","186"
"Ads","187"
"Adsit","188"
"Adu","189"
"Adv","19"
"Ae","191"
"Ael","192"
"Aes","193"
"Aff","194"
"Affonseca","195"
"Affonso","196"
"Afla","197"
"Afonseca","198"
"Afonso","199"
"Aga","21"
"Age","211"
"Agh","212"
"Agi","213"
"Agli","214"
"Agn","215"
"Agnel","216"
"Agnes","217"
"Agno","218"
"Ago","219"
"Agost","22"
"Agostin","221"
"Agra","222"
"Agre","223"
"Agri","224"
"Ague","225"
"Agug","226"
"Aguiar","227"
"Aguiar, C.","228"
"Aguiar, F.","229"
"Aguiar, L","23"
"Aguiar, P.","231"
"Aguiar, R.","232"
"Aguiar, T.","233"
"Aguil","234"
"Aguilar","235"
"Aguillar","236"
"Aguirre","237"
"Agus","238"
"Aguz","239"
"Ahl","24"
"Ahlgr","241"
"Aho","242"
"Ahre","243"
"Ahrens","244"
"Ahual","245"
"Aic","246"
"Aicar","247"
"Aid","248"
"Aie","249"
"Aiel","25"
"Aig","251"
"Aik","252"
"Ail","253"
"Air","254"
"Aires","255"
"Ais","256"
"Ait","257"
"Aiu","258"
"Aiz","259"
"Aizen","26"
"Aja","261"
"Aji","262"
"Ajz","263"
"Aka","264"
"Akel","265"
"Aker","266"
"Akerm","267"
"Aki","268"
"Akim","269"
"Akir","27"
"Ala","271"
"Alab","272"
"Alad","273"
"Alam","274"
"Alamo","275"
"Alan","276"
"Alar","277"
"Alarc","278"
"Alare","279"
"Alari","28"
"Alas","281"
"Alay","282"
"Alayon","283"
"Alba","284"
"Albam","285"
"Alban","286"
"Albanes","287"
"Albanez","288"
"Albert","289"
"Alberto","29"
"Alberton","291"
"Alberts","292"
"Albien","293"
"Albier","294"
"Albin","295"
"Albre","296"
"Albri","297"
"Albuquerque","298"
"Albuquerque, C.","299"
"Albuquerque, F.","31"
"Albuquerque, L.","311"
"Albuquerque, P.","312"
"Albuquerque, R.","313"
"Albuquerque, T.","314"
"Alcai","315"
"Alcal","316"
"Alcan","317"
"Alcantara","318"
"Alcantara, F.","319"
"Alcantara, P.","32"
"Alcantara, T.","321"
"Alcar","322"
"Alcaz","323"
"Alceu","324"
"Alch","325"
"Alci","326"
"Alcici","327"
"Alcide","328"
"Alcides","329"
"Alcindo","33"
"Alcoc","331"
"Alcot","332"
"Aldan","333"
"Alden","334"
"Alder","335"
"Aldi","336"
"Aldo","337"
"Aldr","338"
"Aldri","339"
"Aldrig","34"
"Aldro","341"
"Ale","342"
"Aleg","343"
"Alegr","344"
"Alegret","345"
"Alegri","346"
"Alegro","347"
"Aleix","348"
"Alej","349"
"Alek","35"
"Alem","351"
"Alemi","352"
"Alencar","353"
"Alencar, L.","354"
"Alencar, R.","355"
"Alencas","356"
"Alent","357"
"Aler","358"
"Ales","359"
"Aless","36"
"Alessand","361"
"Alessi","362"
"Alesso","363"
"Alessy","364"
"Aleto","365"
"Alex","366"
"Alexander","367"
"Alexander, M.","368"
"Alexandre","369"
"Alexandre, M.","37"
"Alexandri","371"
"Alfa","372"
"Alfai","373"
"Alfan","374"
"Alfar","375"
"Alfay","376"
"Alfi","377"
"Alfo","378"
"Alfor","379"
"Alfr","38"
"Alfs","381"
"Alga","382"
"Alge","383"
"Algo","384"
"Algod","385"
"Algr","386"
"Algu","387"
"Alha","388"
"Alho","389"
"Alia","39"
"Alian","391"
"Alib","392"
"Alic","393"
"Alice","394"
"Alick","395"
"Alie","396"
"Alien","397"
"Alif","398"
"Alig","399"
"Alim","41"
"Alio","411"
"Alip","412"
"Alis","413"
"Alit","414"
"Alk","415"
"Alki","416"
"Alkm","417"
"All","418"
"Allain","419"
"Allan","42"
"Allard","421"
"Allas","422"
"Alle","423"
"Allegr","424"
"Allegri","425"
"Allem","426"
"Allen","427"
"Allenm","428"
"Aller","429"
"Alles","43"
"Allg","431"
"Alli","432"
"Allie","433"
"Alling","434"
"Allip","435"
"Allis","436"
"Allix","437"
"Allo","438"
"Allp","439"
"Alls","44"
"Alm","441"
"Almad","442"
"Alman","443"
"Almeida","444"
"Almeida, C.","445"
"Almeida, E.","446"
"Almeida, G.","447"
"Almeida, J.","448"
"Almeida, M.","449"
"Almeida, P.","45"
"Almeida, S.","451"
"Almeida, V.","452"
"Almen","453"
"Almg","454"
"Almi","455"
"Almo","456"
"Aloe","457"
"Aloi","458"
"Alon","459"
"Alonso","46"
"Alp","461"
"Als","462"
"Alt","463"
"Alten","464"
"Altenh","465"
"Alter","466"
"Alterm","467"
"Altern","468"
"Altg","469"
"Alvarenga","47"
"Alvarenga, M.","471"
"Alvares","472"
"Alvares, M.","473"
"Alvarez","474"
"Alvarez, M.","475"
"Alvaro","476"
"Alves","477"
"Alves, C.","478"
"Alves, F.","479"
"Alves, L.","48"
"Alves, N.","481"
"Alves, R.","482"
"Alvim","483"
"Alvim, M.","484"
"Alvo","485"
"Aly","486"
"Ama","487"
"Amab","488"
"Amad","489"
"Amadei","49"
"Amadeo","491"
"Amadeu","492"
"Amadio","493"
"Amado","494"
"Amador","495"
"Amadu","496"
"Amalf","497"
"Aman","498"
"Amanci","499"
"Amant","51"
"Amar","511"
"Amaral","512"
"Amaral, C.","513"
"Amaral, F.","514"
"Amaral, L.","515"
"Amaral, P.","516"
"Amaral, R.","517"
"Amaral, T.","518"
"Amaran","519"
"Amarante","52"
"Amaril","521"
"Amaro","522"
"Amary","523"
"Amato","524"
"Amatt","525"
"Amatu","526"
"Amau","527"
"Amb","528"
"Ambro","529"
"Ambros","53"
"Ambrosi","531"
"Ameal","532"
"Amel","533"
"Ameli","534"
"Amer","535"
"Americ","536"
"American","537"
"Ames","538"
"Amie","539"
"Amoe","54"
"Amora","541"
"Amori","542"
"Amorim","543"
"Amorim, L.","544"
"Amorim, R.","545"
"Amoros","546"
"Amoroso","547"
"Amparo","548"
"Amu","549"
"Ana","55"
"Anac","551"
"Anas","552"
"Anau","553"
"Anch","554"
"Anco","555"
"Anda","556"
"Ande","557"
"Ander","558"
"Anders","559"
"Andersen","56"
"Anderson","561"
"Andor","562"
"Andrada","563"
"Andradam","564"
"Andrade","565"
"Andradec","566"
"Andradef","567"
"Andradel","568"
"Andradep","569"
"Andrader","57"
"Andradet","571"
"Andraus","572"
"Andre","573"
"Andrean","574"
"Andreol","575"
"Andreoni","576"
"Andreot","577"
"Andres","578"
"Andret","579"
"Andreu","58"
"Andrews","581"
"Andrey","582"
"Andri","583"
"Andrig","584"
"Andrio","585"
"Ane","586"
"Anet","587"
"Ange","588"
"Angel","589"
"Angeli","59"
"Angelin","591"
"Angell","592"
"Angelo","593"
"Anger","594"
"Angerer","595"
"Angi","596"
"Angl","597"
"Ango","598"
"Angr","599"
"Angu","61"
"Anh","611"
"Anhaia","612"
"Anhan","613"
"Ania","614"
"Anib","615"
"Anic","616"
"Anis","617"
"Aniz","618"
"Anj","619"
"Ann","62"
"Anne","621"
"Anni","622"
"Annun","623"
"Annunz","624"
"Ano","625"
"Ans","626"
"Ansel","627"
"Ansp","628"
"Anst","629"
"Anstey","63"
"Antao","631"
"Ante","632"
"Anth","633"
"Anti","634"
"Antin","635"
"Anto","636"
"Antol","637"
"Anton","638"
"Antone","639"
"Antoni","64"
"Antony","641"
"Antunes","642"
"Antunesl","643"
"Antunesr","644"
"Antw","645"
"Any","646"
"Ao","647"
"Apa","648"
"Ape","649"
"Apf","65"
"Apg","651"
"Api","652"
"Apo","653"
"Apol","654"
"App","655"
"Appe","656"
"Appi","657"
"Appl","658"
"Appo","659"
"Appu","66"
"Apr","661"
"Aprig","662"
"April","663"
"Aps","664"
"Apu","665"
"Aqua","666"
"Aquil","667"
"Aquin","668"
"Aquino","669"
"Ara","67"
"Aragio","671"
"Aragiom","672"
"Arago","673"
"Aragon","674"
"Aragua","675"
"Arai","676"
"Aral","677"
"Aram","678"
"Aran","679"
"Aranha","68"
"Aranhal","681"
"Aranhar","682"
"Arantes","683"
"Arantesm","684"
"Araripe","685"
"Arat","686"
"Araujo","687"
"Araujoc","688"
"Araujof","689"
"Araujol","69"
"Araujor","691"
"Aravjot","692"
"Arb","693"
"Arbe","694"
"Arbl","695"
"Arbo","696"
"Arc","697"
"Arcan","698"
"Arce","699"
"Arch","71"
"Archan","711"
"Arche","712"
"Archi","713"
"Arci","714"
"Arco","715"
"Arcos","716"
"Arcov","717"
"Arcu","718"
"Ard","719"
"Ardel","72"
"Ardi","721"
"Ardo","722"
"Ardu","723"
"Are","724"
"Arel","725"
"Aren","726"
"Arend","727"
"Arens","728"
"Ares","729"
"Aret","73"
"Arev","731"
"Arf","732"
"Arg","733"
"Argan","734"
"Argel","735"
"Argen","736"
"Argentin","737"
"Argento","738"
"Argi","739"
"Argo","74"
"Argol","741"
"Argu","742"
"Ari","743"
"Aria","744"
"Arid","745"
"Arie","746"
"Arin","747"
"Ario","748"
"Arist","749"
"Aristot","75"
"Ark","751"
"Arl","752"
"Arlen","753"
"Arlin","754"
"Arlo","755"
"Arm","756"
"Arman","757"
"Armandy","758"
"Armel","759"
"Armen","76"
"Armi","761"
"Armis","762"
"Armo","763"
"Arms","764"
"Armstr","765"
"Army","766"
"Arn","767"
"Arnal","768"
"Arnau","769"
"Arnd","77"
"Arne","771"
"Arnh","772"
"Arni","773"
"Arno","774"
"Arnold","775"
"Arnolt","776"
"Arnon","777"
"Arnot","778"
"Arnoth","779"
"Arnou","78"
"Arnould","781"
"Arnoux","782"
"Arnow","783"
"Arns","784"
"Arnu","785"
"Aron","786"
"Arone","787"
"Aronin","788"
"Aronis","789"
"Arons","79"
"Arou","791"
"Arouch","792"
"Aroue","793"
"Arp","794"
"Arq","795"
"Arr","796"
"Arrai","797"
"Arrar","798"
"Arre","799"
"Arrh","81"
"Arri","811"
"Arro","812"
"Arroi","813"
"Arrow","814"
"Arroy","815"
"Arru","816"
"Arruda","817"
"Arrudal","818"
"Arrudam","819"
"Arruddo","82"
"Arrue","821"
"Ars","822"
"Arsi","823"
"Art","824"
"Arte","825"
"Arth","826"
"Arti","827"
"Artic","828"
"Artig","829"
"Artm","83"
"Arto","831"
"Artu","832"
"Artus","833"
"Aru","834"
"Arv","835"
"Arz","836"
"Asa","837"
"Asb","838"
"Asc","839"
"Asch","84"
"Aschen","841"
"Ascher","842"
"Asci","843"
"Asco","844"
"Asd","845"
"Ase","846"
"Asev","847"
"Asf","848"
"Ash","849"
"Ashb","85"
"Ashc","851"
"Ashe","852"
"Ashl","853"
"Ashm","854"
"Asht","855"
"Ashw","856"
"Asi","857"
"Ask","858"
"Aso","859"
"Asp","86"
"Asq","861"
"Ass","862"
"Asse","863"
"Assi","864"
"Assis","865"
"Assisl","866"
"Assisr","867"
"Asso","868"
"Assol","869"
"Assumpcao","87"
"Assumpcaol","871"
"Assumpcaor","872"
"Assuncao","873"
"Ast","874"
"Asti","875"
"Asto","876"
"Aston","877"
"Astor","878"
"Astr","879"
"Astro","88"
"Astrom","881"
"Astu","882"
"Ata","883"
"Atal","884"
"Ate","885"
"Ath","886"
"Ather","887"
"Ati","888"
"Atk","889"
"Atkins","89"
"Atl","891"
"Ats","892"
"Att","893"
"Atte","894"
"Atti","895"
"Attl","896"
"Attw","897"
"Atu","898"
"Atw","899"
"Au","91"
"Aub","911"
"Auber","912"
"Aubes","913"
"Aubi","914"
"Aubig","915"
"Aubl","916"
"Aubr","917"
"Aubry","918"
"Auch","919"
"Aud","92"
"Audi","921"
"Audir","922"
"Audo","923"
"Audr","924"
"Audri","925"
"Audu","926"
"Aue","927"
"Auer","928"
"Auf","929"
"Aug","93"
"Auge","931"
"Augi","932"
"Augu","933"
"Augusta","934"
"Augusti","935"
"Augusto","936"
"Augustom","937"
"Aul","938"
"Auld","939"
"Aule","94"
"Auli","941"
"Aum","942"
"Aun","943"
"Aur","944"
"Aure","945"
"Auri","946"
"Aurin","947"
"Auro","948"
"Aus","949"
"Austen","95"
"Austin","951"
"Austo","952"
"Austr","953"
"Austri","954"
"Aut","955"
"Auton","956"
"Autr","957"
"Autu","958"
"Auv","959"
"Auw","96"
"Aux","961"
"Auz","962"
"Av","963"
"Avan","964"
"Avar","965"
"Ave","966"
"Avel","967"
"Avell","968"
"Aven","969"
"Aver","97"
"Avi","971"
"Avil","972"
"Avin","973"
"Avo","974"
"Ax","975"
"Aya","976"
"Aye","977"
"Ayl","978"
"Aym","979"
"Ayres","98"
"Ayresm","981"
"Ayrosa","982"
"Ayton","983"
"Azam","984"
"Azer","985"
"Azevedo","986"
"Azevedof","987"
"Azevedom","988"
"Azevedot","989"
"Azi","99"
"Aziz","991"
"Azn","992"
"Azr","993"
"Azu","994"
"Azy","995"
"Azze","996"
"Azzi","997"
"Azzo","998"
"Azzon","999"
"B","1"
"Ba","11"
"Bab","111"
"Babb","112"
"Babe","113"
"Babo","114"
"Baca","115"
"Bacc","116"
"Bace","117"
"Bach","118"
"Bache","119"
"Bachi","12"
"Baci","121"
"Back","122"
"Baco","123"
"Bada","124"
"Bade","125"
"Badg","126"
"Bado","127"
"Badr","128"
"Badu","129"
"Bae","13"
"Baer","131"
"Baet","132"
"Baga","133"
"Bagn","134"
"Bah","135"
"Bai","136"
"Baie","137"
"Bail","138"
"Baill","139"
"Bain","14"
"Bair","141"
"Bak","142"
"Bal","143"
"Bala","144"
"Balb","145"
"Balda","146"
"Balde","147"
"Baldi","148"
"Baldo","149"
"Baldr","15"
"Baldu","151"
"Bale","152"
"Bales","153"
"Bali","154"
"Ball","155"
"Balm","156"
"Bals","157"
"Balt","158"
"Bam","159"
"Ban","16"
"Banc","161"
"Band","162"
"Bande","163"
"Bandeira","164"
"Bandeira, D.","165"
"Bandeira, L.","166"
"Bandeira, P.","167"
"Bandeira, T.","168"
"Bandi","169"
"Bani","17"
"Bann","171"
"Baptista","172"
"Baptista, C.","173"
"Baptista, J.","174"
"Baptista, N.","175"
"Baptista, S.","176"
"Bar","177"
"Bara","178"
"Baral","179"
"Baran","18"
"Barata","181"
"Barb","182"
"Barban","183"
"Barbar","184"
"Barbat","185"
"Barbe","186"
"Barbeij","187"
"Barber","188"
"Barbet","189"
"Barbi","19"
"Barbie","191"
"Barbin","192"
"Barbit","193"
"Barbo","194"
"Barbosa","195"
"Barbosa, C.","196"
"Barbosa, F.","197"
"Barbosa, J.","198"
"Barbosa, L.","199"
"Barbosa, N.","21"
"Barbosa, P.","211"
"Barbosa, S.","212"
"Barbosa, T.","213"
"Barboza","214"
"Barbu","215"
"Barca","216"
"Barce","217"
"Barcel","218"
"Barch","219"
"Barci","22"
"Barco","221"
"Barda","222"
"Barde","223"
"Bardel","224"
"Bardi","225"
"Bardn","226"
"Bardy","227"
"Bare","228"
"Barel","229"
"Barg","23"
"Bargh","231"
"Bari","232"
"Baril","233"
"Barin","234"
"Baris","235"
"Barj","236"
"Bark","237"
"Barl","238"
"Barlo","239"
"Barn","24"
"Barne","241"
"Barni","242"
"Baro","243"
"Baron","244"
"Baroni","245"
"Baros","246"
"Barr","247"
"Barra","248"
"Barra, M.","249"
"Barrac","25"
"Barral","251"
"Barran","252"
"Barreira","253"
"Barreira, J.","254"
"Barreiro","255"
"Barreiros","256"
"Barrel","257"
"Barrer","258"
"Barret","259"
"Barreto","26"
"Barreto, C.","261"
"Barreto, F.","262"
"Barreto, J.","263"
"Barreto, P.","264"
"Barretto","265"
"Barretto, C.","266"
"Barretto, M.","267"
"Barretto, P.","268"
"Barri","269"
"Barrie","27"
"Barrio","271"
"Barro","272"
"Barros","273"
"Barros, B.","274"
"Barros, C.","275"
"Barros, D.","276"
"Barros, F.","277"
"Barros, J.","278"
"Barros, L.","279"
"Barros, N.","28"
"Barros, P.","281"
"Barros, R.","282"
"Barros, T.","283"
"Barros, V.","284"
"Barroso","285"
"Barrow","286"
"Barrozo","287"
"Barry","288"
"Bars","289"
"Barso","29"
"Barsu","291"
"Bart","292"
"Barte","293"
"Barth","294"
"Bartho","295"
"Barto","296"
"Baru","297"
"Barue","298"
"Bary","299"
"Barza","31"
"Barzo","311"
"Bas","312"
"Basa","313"
"Basb","314"
"Basch","315"
"Base","316"
"Basi","317"
"Basil","318"
"Bass","319"
"Basse","32"
"Bassi","321"
"Bassit","322"
"Basso","323"
"Basti","324"
"Basto","325"
"Bastos","326"
"Bastos, C.","327"
"Bastos, F.","328"
"Bastos, J.","329"
"Bastos, P.","33"
"Bastos, S.","331"
"Bata","332"
"Batal","333"
"Bate","334"
"Bath","335"
"Batista","336"
"Batista, J.","337"
"Batta","338"
"Bau","339"
"Baue","34"
"Baum","341"
"Baus","342"
"Bav","343"
"Bax","344"
"Bay","345"
"Baye","346"
"Baym","347"
"Baza","348"
"Bazi","349"
"Be","35"
"Bear","351"
"Beau","352"
"Beca","353"
"Bech","354"
"Beck","355"
"Becker","356"
"Beda","357"
"Bede","358"
"Bedi","359"
"Bedo","36"
"Bedr","361"
"Bee","362"
"Bega","363"
"Begl","364"
"Beh","365"
"Bei","366"
"Beir","367"
"Bej","368"
"Bek","369"
"Bel","37"
"Belar","371"
"Belc","372"
"Beld","373"
"Bele","374"
"Belem","375"
"Beles","376"
"Belf","377"
"Belfo","378"
"Beli","379"
"Belin","38"
"Bell","381"
"Bella","382"
"Belle","383"
"Belli","384"
"Bellin","385"
"Bello","386"
"Bellon","387"
"Bellu","388"
"Belm","389"
"Belo","39"
"Belt","391"
"Beltr","392"
"Ben","393"
"Benat","394"
"Benc","395"
"Bend","396"
"Bendi","397"
"Bene","398"
"Benedi","399"
"Benedu","41"
"Benel","411"
"Benet","412"
"Benev","413"
"Benh","414"
"Beni","415"
"Benj","416"
"Benn","417"
"Bens","418"
"Bent","419"
"Bento","42"
"Benu","421"
"Benv","422"
"Beo","423"
"Ber","424"
"Beral","425"
"Berar","426"
"Berb","427"
"Berc","428"
"Bere","429"
"Beren","43"
"Beret","431"
"Berg","432"
"Bergam","433"
"Berge","434"
"Berger","435"
"Bergm","436"
"Bergo","437"
"Beri","438"
"Berk","439"
"Berl","44"
"Berli","441"
"Berm","442"
"Bern","443"
"Bernard","444"
"Bernas","445"
"Berne","446"
"Bernh","447"
"Berni","448"
"Berns","449"
"Berra","45"
"Berre","451"
"Berri","452"
"Berry","453"
"Bers","454"
"Bert","455"
"Bertac","456"
"Bertag","457"
"Berte","458"
"Bertel","459"
"Berth","46"
"Berti","461"
"Bertol","462"
"Bertr","463"
"Berty","464"
"Bes","465"
"Bet","466"
"Bev","467"
"Bey","468"
"Bez","469"
"Bi","47"
"Biag","471"
"Bian","472"
"Bianco","473"
"Biar","474"
"Bias","475"
"Biasi","476"
"Bib","477"
"Bica","478"
"Bich","479"
"Bick","48"
"Bicu","481"
"Bide","482"
"Bidi","483"
"Bido","484"
"Bie","485"
"Biel","486"
"Bier","487"
"Bies","488"
"Bif","489"
"Big","49"
"Bigh","491"
"Bigl","492"
"Bill","493"
"Billi","494"
"Billo","495"
"Bilr","496"
"Bim","497"
"Bind","498"
"Binder","499"
"Bini","51"
"Binn","511"
"Bio","512"
"Biol","513"
"Bion","514"
"Bip","515"
"Bipp","516"
"Bir","517"
"Bire","518"
"Biri","519"
"Birk","52"
"Birm","521"
"Birn","522"
"Biro","523"
"Birr","524"
"Bis","525"
"Bisce","526"
"Bish","527"
"Bisl","528"
"Bism","529"
"Biso","53"
"Bisp","531"
"Biss","532"
"Bisso","533"
"Bist","534"
"Bit","535"
"Bite","536"
"Biti","537"
"Bito","538"
"Bitr","539"
"Bits","54"
"Bitt","541"
"Bittencourt","542"
"Bittencourt, D.","543"
"Bittencourt, J.","544"
"Bittencourt, M.","545"
"Bittencourt, P.","546"
"Bittencourt, S.","547"
"Bittencourt, T.","548"
"Bitti","549"
"Bix","55"
"Biz","551"
"Bize","552"
"Bizza","553"
"Bizzo","554"
"Bj","555"
"Bje","556"
"Bji","557"
"Bjo","558"
"Bju","559"
"Bl","56"
"Blach","561"
"Black","562"
"Black, M.","563"
"Black, P.","564"
"Blackm","565"
"Blaf","566"
"Blai","567"
"Blake","568"
"Blake, P.","569"
"Blam","57"
"Blanc","571"
"Blanco","572"
"Blanco, P.","573"
"Bland","574"
"Blane","575"
"Blank","576"
"Blar","577"
"Blas","578"
"Blasc","579"
"Blasi","58"
"Blasio","581"
"Blass","582"
"Blat","583"
"Blau","584"
"Blay","585"
"Blaz","586"
"Ble","587"
"Blech","588"
"Bleck","589"
"Blef","59"
"Blei","591"
"Bleim","592"
"Blen","593"
"Bley","594"
"Bli","595"
"Blin","596"
"Blis","597"
"Blit","598"
"Bliu","599"
"Blo","61"
"Bloch","611"
"Bloe","612"
"Bloh","613"
"Bloi","614"
"Blom","615"
"Blon","616"
"Blos","617"
"Blot","618"
"Blou","619"
"Blu","62"
"Blue","621"
"Blum","622"
"Blumb","623"
"Blume","624"
"Blumen","625"
"Blumenf","626"
"Blumet","627"
"Blumf","628"
"Blun","629"
"Boa","63"
"Boag","631"
"Boan","632"
"Boar","633"
"Boas","634"
"Boat","635"
"Boav","636"
"Bob","637"
"Bobi","638"
"Bobr","639"
"Boc","64"
"Bocal","641"
"Bocar","642"
"Bocc","643"
"Bocce","644"
"Boccei","645"
"Bocco","646"
"Boch","647"
"Bock","648"
"Bocu","649"
"Boda","65"
"Bode","651"
"Bodi","652"
"Bodo","653"
"Bodr","654"
"Boe","655"
"Boem","656"
"Boen","657"
"Boer","658"
"Boes","659"
"Boet","66"
"Bof","661"
"Bog","662"
"Bogg","663"
"Bogl","664"
"Bogo","665"
"Boh","666"
"Bohm","667"
"Boi","668"
"Boir","669"
"Boj","67"
"Bok","671"
"Bol","672"
"Bole","673"
"Boll","674"
"Bolo","675"
"Boloy","676"
"Bols","677"
"Bolz","678"
"Bolze","679"
"Bom","68"
"Bomb","681"
"Bome","682"
"Bomf","683"
"Bomt","684"
"Bon","685"
"Bonam","686"
"Bonan","687"
"Bonap","688"
"Bonar","689"
"Bonas","69"
"Bonat","691"
"Bonaz","692"
"Bonce","693"
"Bond","694"
"Bone","695"
"Bonf","696"
"Bong","697"
"Boni","698"
"Bonil","699"
"Bonn","71"
"Bonne","711"
"Bono","712"
"Bons","713"
"Bont","714"
"Boo","715"
"Bop","716"
"Bor","717"
"Borba","718"
"Borba, D.","719"
"Borba, J.","72"
"Borba, P.","721"
"Borba, T.","722"
"Borc","723"
"Bord","724"
"Bore","725"
"Borel","726"
"Boren","727"
"Boret","728"
"Borg","729"
"Borges","73"
"Borges, C.","731"
"Borges, J.","732"
"Borges, M.","733"
"Borges, R.","734"
"Borgh","735"
"Borgi","736"
"Borgo","737"
"Bori","738"
"Borin","739"
"Borl","74"
"Born","741"
"Borr","742"
"Borre","743"
"Borri","744"
"Bors","745"
"Borse","746"
"Borso","747"
"Bort","748"
"Borz","749"
"Bos","75"
"Bosc","751"
"Bosch","752"
"Bosco","753"
"Bose","754"
"Bosi","755"
"Boso","756"
"Boss","757"
"Bosw","758"
"Bote","759"
"Botelho","76"
"Botelho, C.","761"
"Botelho, J.","762"
"Botelho, M.","763"
"Botelho, R.","764"
"Both","765"
"Boti","766"
"Boto","767"
"Bott","768"
"Botte","769"
"Botti","77"
"Botto","771"
"Bou","772"
"Bouc","773"
"Bouch","774"
"Boud","775"
"Boue","776"
"Boul","777"
"Bour","778"
"Bous","779"
"Bout","78"
"Bov","781"
"Bow","782"
"Bowi","783"
"Boy","784"
"Boye","785"
"Boza","786"
"Bra","787"
"Brac","788"
"Brack","789"
"Brad","79"
"Braf","791"
"Braga","792"
"Braga, C.","793"
"Braga, J.","794"
"Braga, P.","795"
"Braga, T.","796"
"Bragan","797"
"Bragh","798"
"Brai","799"
"Bral","81"
"Bram","811"
"Bran","812"
"Branco","813"
"Branco, J.","814"
"Branco, P.","815"
"Brand","816"
"Brandao","817"
"Brandao, J.","818"
"Brandao, P.","819"
"Brande","82"
"Brandi","821"
"Brando","822"
"Brani","823"
"Brann","824"
"Brano","825"
"Brant","826"
"Brar","827"
"Bras","828"
"Brasi","829"
"Brasil","83"
"Brasili","831"
"Brass","832"
"Brat","833"
"Brau","834"
"Braun","835"
"Brav","836"
"Braw","837"
"Bray","838"
"Braz","839"
"Bre","84"
"Brec","841"
"Bred","842"
"Breg","843"
"Breh","844"
"Brei","845"
"Brem","846"
"Bren","847"
"Brenn","848"
"Bres","849"
"Bresi","85"
"Bress","851"
"Bret","852"
"Brett","853"
"Breu","854"
"Brev","855"
"Brevi","856"
"Brew","857"
"Brey","858"
"Brez","859"
"Bri","86"
"Bric","861"
"Brid","862"
"Brie","863"
"Brig","864"
"Brigu","865"
"Bril","866"
"Brill","867"
"Brim","868"
"Brin","869"
"Bring","87"
"Brio","871"
"Briso","872"
"Brist","873"
"Brit","874"
"Brito","875"
"Brito, J.","876"
"Brito, P.","877"
"Britto","878"
"Briz","879"
"Bro","88"
"Broc","881"
"Broch","882"
"Brod","883"
"Brog","884"
"Broi","885"
"Brom","886"
"Bron","887"
"Broo","888"
"Bros","889"
"Bross","89"
"Brot","891"
"Brotero","892"
"Brotero, J.","893"
"Brotero, P.","894"
"Brou","895"
"Brow","896"
"Brown","897"
"Brownc","898"
"Browni","899"
"Bru","91"
"Bruc","911"
"Bruck","912"
"Brud","913"
"Brue","914"
"Brug","915"
"Bruh","916"
"Brul","917"
"Brum","918"
"Brun","919"
"Brunh","92"
"Brunn","921"
"Bruno","922"
"Bruns","923"
"Brus","924"
"Bruss","925"
"Brux","926"
"Bry","927"
"Brym","928"
"Brys","929"
"Bu","93"
"Buar","931"
"Buc","932"
"Buce","933"
"Buch","934"
"Buchm","935"
"Buck","936"
"Bud","937"
"Bue","938"
"Buel","939"
"Bueno","94"
"Bueno, C.","941"
"Bueno, J.","942"
"Bueno, M.","943"
"Bueno, P.","944"
"Buf","945"
"Bug","946"
"Buh","947"
"Bui","948"
"Buk","949"
"Bul","95"
"Bule","951"
"Bulg","952"
"Bulh","953"
"Bull","954"
"Bum","955"
"Bume","956"
"Bun","957"
"Bune","958"
"Bung","959"
"Bunn","96"
"Bunt","961"
"Buo","962"
"Buon","963"
"Buono","964"
"Buq","965"
"Bur","966"
"Burat","967"
"Burc","968"
"Burd","969"
"Bure","97"
"Burg","971"
"Buri","972"
"Burk","973"
"Burl","974"
"Burm","975"
"Burn","976"
"Burne","977"
"Burr","978"
"Burs","979"
"Burt","98"
"Burz","981"
"Bus","982"
"Busch","983"
"Busi","984"
"Buso","985"
"Buss","986"
"Busse","987"
"Bussi","988"
"Busso","989"
"Bust","99"
"But","991"
"Butl","992"
"Butt","993"
"Butz","994"
"Buv","995"
"Buy","996"
"By","997"
"Bym","998"
"Byr","999"
"C","1"
"Ca","11"
"Cab","111"
"Cabe","112"
"Cabel","113"
"Caber","114"
"Cabi","115"
"Cabo","116"
"Cabral","117"
"Cabral, C.","118"
"Cabral, J.","119"
"Cabral, M.","12"
"Cabral, P.","121"
"Cabral, S.","122"
"Cabre","123"
"Cac","124"
"Cacc","125"
"Cach","126"
"Caci","127"
"Caco","128"
"Cad","129"
"Cae","13"
"Caet","131"
"Caf","132"
"Cag","133"
"Cah","134"
"Cahn","135"
"Cai","136"
"Cair","137"
"Caiub","138"
"Caj","139"
"Cal","14"
"Calab","141"
"Calac","142"
"Calad","143"
"Calan","144"
"Calar","145"
"Calas","146"
"Calaz","147"
"Calc","148"
"Cald","149"
"Caldas","15"
"Calde","151"
"Calder","152"
"Cale","153"
"Calf","154"
"Cali","155"
"Calig","156"
"Calil","157"
"Calio","158"
"Calix","159"
"Call","16"
"Calle","161"
"Calli","162"
"Calm","163"
"Calo","164"
"Calp","165"
"Calt","166"
"Calu","167"
"Calv","168"
"Calz","169"
"Cam","17"
"Caman","171"
"Camara","172"
"Camara, J.","173"
"Camara, P.","174"
"Camargo","175"
"Camargo, C.","176"
"Camargo, F.","177"
"Camargo, J.","178"
"Camargo, L.","179"
"Camargo, N.","18"
"Camargo, P.","181"
"Camargo, S.","182"
"Camargo, T.","183"
"Camari","184"
"Camas","185"
"Camb","186"
"Cambi","187"
"Cambr","188"
"Came","189"
"Cami","19"
"Camin","191"
"Camo","192"
"Camp","193"
"Campan","194"
"Campar","195"
"Campe","196"
"Campi","197"
"Campo","198"
"Campor","199"
"Campos","21"
"Campos, C.","211"
"Campos, F.","212"
"Campos, J.","213"
"Campos, L.","214"
"Campos, N.","215"
"Campos, P.","216"
"Campos, S.","217"
"Campos, T.","218"
"Can","219"
"Canal","22"
"Canar","221"
"Canc","222"
"Cand","223"
"Cane","224"
"Caner","225"
"Cang","226"
"Canh","227"
"Cann","228"
"Cano","229"
"Cant","23"
"Cante","231"
"Canti","232"
"Canto","233"
"Canton","234"
"Canu","235"
"Cao","236"
"Cap","237"
"Capar","238"
"Capas","239"
"Cape","24"
"Capel","241"
"Capi","242"
"Capo","243"
"Capoc","244"
"Capon","245"
"Capot","246"
"Capp","247"
"Capr","248"
"Capu","249"
"Car","25"
"Carac","251"
"Caram","252"
"Carb","253"
"Carc","254"
"Card","255"
"Carde","256"
"Cardi","257"
"Cardim","258"
"Cardo","259"
"Cardoso","26"
"Cardoso, C.","261"
"Cardoso, F.","262"
"Cardoso, J.","263"
"Cardoso, L.","264"
"Cardoso, N.","265"
"Cardoso, P.","266"
"Cardoso, S.","267"
"Cardoso, T.","268"
"Cardozo","269"
"Care","27"
"Carel","271"
"Carer","272"
"Caret","273"
"Carf","274"
"Cari","275"
"Caril","276"
"Cario","277"
"Carl","278"
"Carli","279"
"Carlo","28"
"Carls","281"
"Carly","282"
"Carm","283"
"Carmi","284"
"Carmo","285"
"Carn","286"
"Carneiro","287"
"Carneiro, C.","288"
"Carneiro, J.","289"
"Carneiro, P.","29"
"Carneiro, T.","291"
"Carnev","292"
"Carni","293"
"Caro","294"
"Caron","295"
"Carot","296"
"Carp","297"
"Carpe","298"
"Carr","299"
"Carre","31"
"Carrer","311"
"Carri","312"
"Carro","313"
"Cars","314"
"Carte","315"
"Carto","316"
"Caru","317"
"Carv","318"
"Carvalh","319"
"Carvalhe","32"
"Carvalho","321"
"Carvalho, C.","322"
"Carvalho, F.","323"
"Carvalho, J.","324"
"Carvalho, L.","325"
"Carvalho, N.","326"
"Carvalho, P.","327"
"Carvalho, S.","328"
"Carvalho, T.","329"
"Casa","33"
"Casc","331"
"Case","332"
"Casi","333"
"Caso","334"
"Casp","335"
"Cass","336"
"Casse","337"
"Cassi","338"
"Cast","339"
"Castal","34"
"Castan","341"
"Castanho","342"
"Castel","343"
"Castell","344"
"Castelo","345"
"Casti","346"
"Castig","347"
"Castilho","348"
"Castilho, J.","349"
"Castro","35"
"Castro, F.","351"
"Castro, M.","352"
"Castro, P.","353"
"Cat","354"
"Catal","355"
"Catan","356"
"Cate","357"
"Cati","358"
"Catr","359"
"Catt","36"
"Catu","361"
"Cau","362"
"Cav","363"
"Cavale","364"
"Cavaleanti","365"
"Cavalecanti, J.","366"
"Cavalecanti, P.","367"
"Cavalh","368"
"Cavall","369"
"Cavalli","37"
"Cavan","371"
"Cavas","372"
"Cave","373"
"Cavel","374"
"Cavi","375"
"Caw","376"
"Cax","377"
"Cay","378"
"Caz","379"
"Ce","38"
"Ceb","381"
"Cec","382"
"Cecc","383"
"Ceci","384"
"Ced","385"
"Cel","386"
"Celi","387"
"Cell","388"
"Cen","389"
"Cep","39"
"Cer","391"
"Cerd","392"
"Cern","393"
"Cerqueira","394"
"Cerqueira, L.","395"
"Cerqueira, P.","396"
"Cerquera","397"
"Cerr","398"
"Cerru","399"
"Cers","41"
"Cert","411"
"Ceru","412"
"Cerv","413"
"Cesar","414"
"Cesar, J.","415"
"Cesar, P.","416"
"Cesi","417"
"Cesta","418"
"Cez","419"
"Ch","42"
"Chab","421"
"Chac","422"
"Chad","423"
"Chag","424"
"Chai","425"
"Chal","426"
"Cham","427"
"Chami","428"
"Champ","429"
"Chan","43"
"Chap","431"
"Chapm","432"
"Char","433"
"Chard","434"
"Charl","435"
"Chas","436"
"Chat","437"
"Chaves","438"
"Chaves, L.","439"
"Che","44"
"Cheb","441"
"Chec","442"
"Checc","443"
"Ched","444"
"Chel","445"
"Chem","446"
"Chen","447"
"Cheq","448"
"Cher","449"
"Ches","45"
"Chet","451"
"Chev","452"
"Chi","453"
"Chian","454"
"Chiar","455"
"Chiarg","456"
"Chiat","457"
"Chiav","458"
"Chib","459"
"Chic","46"
"Chie","461"
"Chier","462"
"Chies","463"
"Chil","464"
"Chim","465"
"Chin","466"
"Chio","467"
"Chip","468"
"Chir","469"
"Chis","47"
"Chit","471"
"Chl","472"
"Cho","473"
"Chol","474"
"Chon","475"
"Chop","476"
"Chor","477"
"Chri","478"
"Chris","479"
"Christo","48"
"Chro","481"
"Chry","482"
"Chu","483"
"Chuc","484"
"Chud","485"
"Chue","486"
"Chul","487"
"Chur","488"
"Chus","489"
"Ci","49"
"Ciac","491"
"Ciace","492"
"Ciam","493"
"Cian","494"
"Ciar","495"
"Cias","496"
"Ciav","497"
"Cib","498"
"Cic","499"
"Cid","51"
"Cie","511"
"Cig","512"
"Cil","513"
"Cile","514"
"Cim","515"
"Cimo","516"
"Cin","517"
"Cintra","518"
"Cintra, C.","519"
"Cintra, L.","52"
"Cintra, P.","521"
"Cio","522"
"Cip","523"
"Cir","524"
"Ciri","525"
"Ciro","526"
"Cis","527"
"Cit","528"
"Ciu","529"
"Cl","53"
"Clab","531"
"Clad","532"
"Clae","533"
"Claf","534"
"Clai","535"
"Clair","536"
"Clairm","537"
"Clap","538"
"Clape","539"
"Clapp","54"
"Clar","541"
"Clari","542"
"Clark","543"
"Clark, M.","544"
"Clarke","545"
"Clarke, N.","546"
"Claro","547"
"Clas","548"
"Clase","549"
"Clasi","55"
"Class","551"
"Clat","552"
"Clau","553"
"Claus","554"
"Clav","555"
"Clax","556"
"Clay","557"
"Clayt","558"
"Claz","559"
"Cle","56"
"Clef","561"
"Clei","562"
"Clem","563"
"Clems","564"
"Clen","565"
"Cler","566"
"Cles","567"
"Clet","568"
"Clev","569"
"Cli","57"
"Clim","571"
"Clin","572"
"Clip","573"
"Clir","574"
"Clis","575"
"Clit","576"
"Clo","577"
"Clor","578"
"Clu","579"
"Co","58"
"Coac","581"
"Coal","582"
"Coap","583"
"Coat","584"
"Cob","585"
"Cobe","586"
"Cobi","587"
"Cobo","588"
"Cobr","589"
"Cobre","59"
"Coc","591"
"Coce","592"
"Coch","593"
"Coci","594"
"Cock","595"
"Cockm","596"
"Cod","597"
"Code","598"
"Codes","599"
"Codi","61"
"Codo","611"
"Codr","612"
"Coe","613"
"Coelho","614"
"Coelho, C.","615"
"Coelho, F.","616"
"Coelho, J.","617"
"Coelho, M.","618"
"Coelho, P.","619"
"Coelho, S.","62"
"Coelho, T.","621"
"Coen","622"
"Cof","623"
"Cofi","624"
"Cog","625"
"Cogl","626"
"Cogn","627"
"Coh","628"
"Cohn","629"
"Coif","63"
"Coil","631"
"Coim","632"
"Coimbra","633"
"Coimbra, J.","634"
"Coimbra, P.","635"
"Coin","636"
"Coj","637"
"Cok","638"
"Coke","639"
"Col","64"
"Colab","641"
"Colac","642"
"Colaf","643"
"Colag","644"
"Colai","645"
"Colal","646"
"Colam","647"
"Colan","648"
"Colar","649"
"Colas","65"
"Colav","651"
"Colb","652"
"Colc","653"
"Cold","654"
"Cole","655"
"Colel","656"
"Coles","657"
"Colet","658"
"Colg","659"
"Coli","66"
"Coll","661"
"Collac","662"
"Collad","663"
"Collaf","664"
"Collar","665"
"Collav","666"
"Collaz","667"
"Colle","668"
"Colles","669"
"Collet","67"
"Collett","671"
"Colli","672"
"Collin","673"
"Collins","674"
"Collo","675"
"Colm","676"
"Colme","677"
"Coln","678"
"Colo","679"
"Colom","68"
"Colombe","681"
"Colombi","682"
"Colombo","683"
"Colombo, C.","684"
"Colombo, F.","685"
"Colombo, J.","686"
"Colombo, M.","687"
"Colombo, P.","688"
"Colombo, T.","689"
"Colon","69"
"Colone","691"
"Coloni","692"
"Colonn","693"
"Color","694"
"Colorn","695"
"Colos","696"
"Colot","697"
"Colp","698"
"Cols","699"
"Colt","71"
"Colte","711"
"Colto","712"
"Colu","713"
"Coluc","714"
"Colum","715"
"Colus","716"
"Colv","717"
"Coly","718"
"Colz","719"
"Com","72"
"Comar","721"
"Comas","722"
"Comb","723"
"Combi","724"
"Come","725"
"Comi","726"
"Comin","727"
"Comio","728"
"Comp","729"
"Compan","73"
"Compar","731"
"Compat","732"
"Compe","733"
"Compel","734"
"Compet","735"
"Compr","736"
"Compt","737"
"Comst","738"
"Comt","739"
"Con","74"
"Conc","741"
"Conce","742"
"Conceicao","743"
"Conceicao, J.","744"
"Conceicao, P.","745"
"Conch","746"
"Conci","747"
"Conco","748"
"Conde","749"
"Condei","75"
"Condi","751"
"Condl","752"
"Condu","753"
"Cone","754"
"Coner","755"
"Cones","756"
"Coney","757"
"Conf","758"
"Confi","759"
"Coni","76"
"Conk","761"
"Conn","762"
"Conq","763"
"Conr","764"
"Cons","765"
"Conse","766"
"Consen","767"
"Consi","768"
"Consol","769"
"Consom","77"
"Conson","771"
"Consor","772"
"Const","773"
"Constan","774"
"Consti","775"
"Conta","776"
"Conte","777"
"Contes","778"
"Conti","779"
"Contie","78"
"Contin","781"
"Contr","782"
"Conv","783"
"Cony","784"
"Coo","785"
"Coog","786"
"Cook","787"
"Coop","788"
"Copi","789"
"Copo","79"
"Copp","791"
"Coq","792"
"Cor","793"
"Corac","794"
"Coral","795"
"Coram","796"
"Coran","797"
"Coras","798"
"Corat","799"
"Coraz","81"
"Corb","811"
"Corbe","812"
"Corbi","813"
"Corby","814"
"Corce","815"
"Cord","816"
"Corde","817"
"Cordeiro","818"
"Cordeiro, F.","819"
"Cordeiro, M.","82"
"Cordeiro, R.","821"
"Cordel","822"
"Cordes","823"
"Cordet","824"
"Cordi","825"
"Cordio","826"
"Cordis","827"
"Core","828"
"Cori","829"
"Corin","83"
"Corio","831"
"Corl","832"
"Corm","833"
"Corn","834"
"Corni","835"
"Coro","836"
"Corr","837"
"Corrad","838"
"Corral","839"
"Correa","84"
"Correa, C.","841"
"Correa, F.","842"
"Correa, J.","843"
"Correa, M.","844"
"Correa, P.","845"
"Correa, T.","846"
"Correia","847"
"Correia, J.","848"
"Correia, R.","849"
"Correr","85"
"Cors","851"
"Corsi","852"
"Corsio","853"
"Cort","854"
"Corte","855"
"Cortel","856"
"Cortes","857"
"Cortez","858"
"Corti","859"
"Corto","86"
"Coru","861"
"Corv","862"
"Corvi","863"
"Corz","864"
"Cos","865"
"Cosc","866"
"Cosen","867"
"Cosi","868"
"Coss","869"
"Costa","87"
"Costa, C.","871"
"Costa, F.","872"
"Costa, J.","873"
"Costa, M.","874"
"Costa, P.","875"
"Costa, T.","876"
"Costab","877"
"Costal","878"
"Costan","879"
"Coste","88"
"Cosu","881"
"Cot","882"
"Cote","883"
"Cotel","884"
"Coti","885"
"Coto","886"
"Cotr","887"
"Cott","888"
"Cotti","889"
"Cotto","89"
"Cotu","891"
"Coue","892"
"Cour","893"
"Cout","894"
"Coutinho","895"
"Coutinho, F.","896"
"Coutinho, M.","897"
"Coutinho, P.","898"
"Couto","899"
"Couto, F.","91"
"Couto, M.","911"
"Couto, P.","912"
"Cov","913"
"Cove","914"
"Cow","915"
"Cox","916"
"Coy","917"
"Coz","918"
"Cozz","919"
"Cra","92"
"Crac","921"
"Crag","922"
"Crai","923"
"Crak","924"
"Cram","925"
"Cran","926"
"Crap","927"
"Cras","928"
"Crav","929"
"Crave","93"
"Cravo","931"
"Craw","932"
"Cre","933"
"Crec","934"
"Cred","935"
"Crei","936"
"Crem","937"
"Crep","938"
"Cres","939"
"Cresp","94"
"Crest","941"
"Cret","942"
"Cretel","943"
"Creun","944"
"Crew","945"
"Cri","946"
"Crim","947"
"Crip","948"
"Cris","949"
"Criss","95"
"Crist","951"
"Criv","952"
"Cro","953"
"Croc","954"
"Croi","955"
"Crom","956"
"Cron","957"
"Cros","958"
"Cru","959"
"Cruz","96"
"Cruzc","961"
"Cruzf","962"
"Cruzm","963"
"Cruzp","964"
"Cruzt","965"
"Cruze","966"
"Cry","967"
"Cs","968"
"Csi","969"
"Cub","97"
"Cuc","971"
"Cue","972"
"Cui","973"
"Cul","974"
"Cum","975"
"Cun","976"
"Cunha","977"
"Cunha, F.","978"
"Cunha, M.","979"
"Cunha, P.","98"
"Cunn","981"
"Cunt","982"
"Cuo","983"
"Cur","984"
"Curi","985"
"Curr","986"
"Curt","987"
"Cury","988"
"Cuse","989"
"Cush","99"
"Cust","991"
"Cut","992"
"Cuth","993"
"Cuv","994"
"Cuy","995"
"Cy","996"
"Cyr","997"
"Cys","998"
"Cze","999"
"D","1"
"Da","11"
"Dab","111"
"Dabe","112"
"Dabo","113"
"Dabr","114"
"Dabu","115"
"Dac","116"
"Dach","117"
"Daci","118"
"Daco","119"
"Dacr","12"
"Dad","121"
"Dadi","122"
"Dae","123"
"Dael","124"
"Daf","125"
"Dafr","126"
"Dag","127"
"Dagr","128"
"Dah","129"
"Dai","13"
"Daid","131"
"Daie","132"
"Dail","133"
"Dain","134"
"Daiu","135"
"Daj","136"
"Dak","137"
"Dal","138"
"Dalb","139"
"Dalc","14"
"Dale","141"
"Dalf","142"
"Dalg","143"
"Dalgo","144"
"Dalh","145"
"Dali","146"
"Dalin","147"
"Dalir","148"
"Dalk","149"
"Dall","15"
"Dalle","151"
"Dalli","152"
"Dallo","153"
"Dalm","154"
"Dalmas","155"
"Dalo","156"
"Dalp","157"
"Dalt","158"
"Dalty","159"
"Dam","16"
"Damas","161"
"Damasc","162"
"Damb","163"
"Dame","164"
"Dami","165"
"Damic","166"
"Damin","167"
"Damm","168"
"Damme","169"
"Dammi","17"
"Damo","171"
"Damp","172"
"Damu","173"
"Dan","174"
"Dana","175"
"Dand","176"
"Dane","177"
"Danel","178"
"Danen","179"
"Danes","18"
"Danf","181"
"Dang","182"
"Danh","183"
"Dani","184"
"Daniel","185"
"Daniel, M.","186"
"Daniell","187"
"Danielle","188"
"Daniels","189"
"Danj","19"
"Danjo","191"
"Dank","192"
"Danl","193"
"Danm","194"
"Danne","195"
"Danner","196"
"Dano","197"
"Dans","198"
"Dant","199"
"Dantas","21"
"Dantas, C.","211"
"Dantas, F.","212"
"Dantas, J.","213"
"Dantas, M.","214"
"Dantas, P.","215"
"Dantas, T.","216"
"Dante","217"
"Danti","218"
"Danton","219"
"Danz","22"
"Dap","221"
"Dape","222"
"Dapr","223"
"Dar","224"
"Darb","225"
"Darc","226"
"Darci","227"
"Dard","228"
"Dardi","229"
"Dare","23"
"Darf","231"
"Darg","232"
"Dari","233"
"Darl","234"
"Darli","235"
"Darlo","236"
"Darm","237"
"Darme","238"
"Darmi","239"
"Darn","24"
"Darp","241"
"Darr","242"
"Darro","243"
"Dart","244"
"Daru","245"
"Darv","246"
"Darvi","247"
"Darw","248"
"Dary","249"
"Darz","25"
"Das","251"
"Dasc","252"
"Dase","253"
"Dasf","254"
"Dasm","255"
"Dasp","256"
"Dat","257"
"Datr","258"
"Datt","259"
"Dau","26"
"Daud","261"
"Daue","262"
"Daun","263"
"Daunt","264"
"Daut","265"
"Dauv","266"
"Dav","267"
"Dave","268"
"Daven","269"
"Daves","27"
"Davi","271"
"David","272"
"David, F.","273"
"David, M.","274"
"David, R.","275"
"Davids","276"
"Davids, F.","277"
"Davids, M.","278"
"Davids, R.","279"
"Davidson","28"
"Davidson, F.","281"
"Davidson, M.","282"
"Davidson, P.","283"
"Davidson, T.","284"
"Davie","285"
"Davies","286"
"Davies, F.","287"
"Davies, M.","288"
"Davies, R.","289"
"Davil","29"
"Davin","291"
"Davis","292"
"Davis, F.","293"
"Davis, M.","294"
"Davis, R.","295"
"Davison","296"
"Davit","297"
"Davo","298"
"Davy","299"
"Daw","31"
"Dawe","311"
"Dawi","312"
"Daws","313"
"Dax","314"
"Day","315"
"Daye","316"
"Dayt","317"
"Daz","318"
"Dazj","319"
"De","32"
"Deag","321"
"Deal","322"
"Deam","323"
"Dean","324"
"Deap","325"
"Dear","326"
"Deas","327"
"Deat","328"
"Deau","329"
"Deb","33"
"Debai","331"
"Debat","332"
"Debe","333"
"Debel","334"
"Deben","335"
"Deber","336"
"Debes","337"
"Debo","338"
"Debon","339"
"Debr","34"
"Debs","341"
"Dec","342"
"Decal","343"
"Decar","344"
"Dece","345"
"Dech","346"
"Deci","347"
"Deck","348"
"Deco","349"
"Decou","35"
"Ded","351"
"Dede","352"
"Dedi","353"
"Dedin","354"
"Dee","355"
"Deen","356"
"Def","357"
"Defi","358"
"Defin","359"
"Defo","36"
"Deg","361"
"Dege","362"
"Degen","363"
"Degi","364"
"Degn","365"
"Degr","366"
"Degre","367"
"Degu","368"
"Degui","369"
"Deh","37"
"Dei","371"
"Deik","372"
"Dej","373"
"Dek","374"
"Del","375"
"Delab","376"
"Delag","377"
"Delam","378"
"Delap","379"
"Delar","38"
"Delb","381"
"Delc","382"
"Delcan","383"
"Delcar","384"
"Delcas","385"
"Delch","386"
"Delci","387"
"Delcl","388"
"Deld","389"
"Dele","39"
"Delf","391"
"Delg","392"
"Delgi","393"
"Delgr","394"
"Delgu","395"
"Dell","396"
"Dellab","397"
"Dellac","398"
"Dellag","399"
"Dellal","41"
"Dellan","411"
"Dellane","412"
"Dellap","413"
"Dellar","414"
"Dellas","415"
"Dellat","416"
"Dellav","417"
"Delm","418"
"Delmar","419"
"Delmon","42"
"Deln","421"
"Delo","422"
"Delor","423"
"Delp","424"
"Delpe","425"
"Delph","426"
"Delphi","427"
"Delpi","428"
"Delpie","429"
"Delpil","43"
"Delpo","431"
"Delpu","432"
"Delre","433"
"Delri","434"
"Dels","435"
"Delse","436"
"Delsi","437"
"Delso","438"
"Delt","439"
"Dem","44"
"Demag","441"
"Demai","442"
"Deman","443"
"Demar","444"
"Demas","445"
"Demat","446"
"Deme","447"
"Demer","448"
"Demet","449"
"Demo","45"
"Demol","451"
"Demu","452"
"Den","453"
"Denar","454"
"Denc","455"
"Dend","456"
"Dene","457"
"Deng","458"
"Deni","459"
"Denn","46"
"Dens","461"
"Dent","462"
"Denu","463"
"Denv","464"
"Deo","465"
"Deon","466"
"Dep","467"
"Depar","468"
"Depo","469"
"Depr","47"
"Deq","471"
"Der","472"
"Deran","473"
"Derd","474"
"Dere","475"
"Deri","476"
"Derk","477"
"Derm","478"
"Dern","479"
"Derr","48"
"Ders","481"
"Dert","482"
"Derv","483"
"Des","484"
"Desc","485"
"Dese","486"
"Desi","487"
"Desm","488"
"Desp","489"
"Dess","49"
"Dest","491"
"Det","492"
"Dett","493"
"Deu","494"
"Deus","495"
"Deut","496"
"Deuts","497"
"Dev","498"
"Deve","499"
"Devi","51"
"Devil","511"
"Devio","512"
"Dew","513"
"Dex","514"
"Dext","515"
"Dey","516"
"Deyr","517"
"Dez","518"
"Dezo","519"
"Dhe","52"
"Dhel","521"
"Dher","522"
"Dho","523"
"Di","524"
"Dia","525"
"Diac","526"
"Dial","527"
"Diam","528"
"Dian","529"
"Dias","53"
"Dias, C.","531"
"Dias, F.","532"
"Dias, M.","533"
"Dias, P.","534"
"Dias, S.","535"
"Dias, T.","536"
"Diat","537"
"Diaz","538"
"Dib","539"
"Dibr","54"
"Dic","541"
"Dican","542"
"Dick","543"
"Dicke","544"
"Dicken","545"
"Dicki","546"
"Dickin","547"
"Dicks","548"
"Dico","549"
"Dicon","55"
"Did","551"
"Dide","552"
"Didi","553"
"Didil","554"
"Didin","555"
"Dido","556"
"Dieb","557"
"Died","558"
"Dieg","559"
"Dieh","56"
"Diel","561"
"Dien","562"
"Dier","563"
"Dies","564"
"Diet","565"
"Dietr","566"
"Diez","567"
"Dif","568"
"Dig","569"
"Dik","57"
"Dil","571"
"Dill","572"
"Dille","573"
"Dillm","574"
"Dilt","575"
"Dim","576"
"Diman","577"
"Dimar","578"
"Dimi","579"
"Dimit","58"
"Dimo","581"
"Dimor","582"
"Dimov","583"
"Dimp","584"
"Din","585"
"Dinac","586"
"Dinad","587"
"Dinal","588"
"Dinam","589"
"Dinan","59"
"Dinap","591"
"Dinar","592"
"Dine","593"
"Dinel","594"
"Dinell","595"
"Ding","596"
"Dingl","597"
"Dini","598"
"Dinin","599"
"Diniz","61"
"Diniz, F.","611"
"Diniz, M.","612"
"Diniz, R.","613"
"Dino","614"
"Dins","615"
"Dint","616"
"Dinu","617"
"Dinuc","618"
"Dinuz","619"
"Dio","62"
"Diod","621"
"Diog","622"
"Diom","623"
"Dion","624"
"Dior","625"
"Dios","626"
"Dip","627"
"Dipa","628"
"Dipal","629"
"Dipe","63"
"Dipp","631"
"Dipr","632"
"Dir","633"
"Dirc","634"
"Dire","635"
"Dirin","636"
"Dirr","637"
"Dirv","638"
"Dis","639"
"Diss","64"
"Dist","641"
"Dit","642"
"Dito","643"
"Ditt","644"
"Dittr","645"
"Diva","646"
"Divan","647"
"Dive","648"
"Divi","649"
"Diw","65"
"Dix","651"
"Diz","652"
"Dja","653"
"Djm","654"
"Dlai","655"
"Dlei","656"
"Dlo","657"
"Dlu","658"
"Dni","659"
"Do","66"
"Dob","661"
"Dobe","662"
"Dobi","663"
"Dobr","664"
"Doc","665"
"Dock","666"
"Dod","667"
"Dodd","668"
"Dodg","669"
"Doe","67"
"Doeh","671"
"Doel","672"
"Doer","673"
"Dof","674"
"Dog","675"
"Dogl","676"
"Doh","677"
"Dohn","678"
"Doi","679"
"Doib","68"
"Doin","681"
"Dol","682"
"Dolb","683"
"Dolc","684"
"Dold","685"
"Dole","686"
"Dolf","687"
"Dolg","688"
"Dolh","689"
"Doli","69"
"Doll","691"
"Dolm","692"
"Doln","693"
"Dolo","694"
"Dom","695"
"Doma","696"
"Domai","697"
"Doman","698"
"Domat","699"
"Dome","71"
"Domec","711"
"Domen","712"
"Domi","713"
"Domin","714"
"Domingos","715"
"Domingos, F.","716"
"Domingos, T.","717"
"Domingues","718"
"Dominguez","719"
"Domini","72"
"Domit","721"
"Domo","722"
"Doms","723"
"Domu","724"
"Don","725"
"Donad","726"
"Donai","727"
"Donal","728"
"Donan","729"
"Donat","73"
"Donate","731"
"Donati","732"
"Donato","733"
"Dond","734"
"Donel","735"
"Dong","736"
"Doni","737"
"Donl","738"
"Donn","739"
"Dono","74"
"Dons","741"
"Donz","742"
"Doo","743"
"Dop","744"
"Dor","745"
"Dorc","746"
"Dord","747"
"Dore","748"
"Dorf","749"
"Dorg","75"
"Dori","751"
"Doria","752"
"Doria, M.","753"
"Doria, R.","754"
"Dorin","755"
"Dorm","756"
"Dorn","757"
"Doro","758"
"Dorr","759"
"Dors","76"
"Dort","761"
"Dos","762"
"Dot","763"
"Dott","764"
"Dotti","765"
"Dou","766"
"Doub","767"
"Doug","768"
"Doul","769"
"Doun","77"
"Dour","771"
"Dout","772"
"Douv","773"
"Dov","774"
"Dove","775"
"Dow","776"
"Dowe","777"
"Dowi","778"
"Down","779"
"Dows","78"
"Dox","781"
"Doy","782"
"Doye","783"
"Doyl","784"
"Doz","785"
"Doze","786"
"Dozi","787"
"Dozz","788"
"Dozzi","789"
"Dr","79"
"Drac","791"
"Drad","792"
"Drae","793"
"Draf","794"
"Drag","795"
"Draj","796"
"Drak","797"
"Dral","798"
"Dram","799"
"Dran","81"
"Drap","811"
"Dras","812"
"Drash","813"
"Drat","814"
"Drau","815"
"Drav","816"
"Dray","817"
"Drayl","818"
"Draz","819"
"Dre","82"
"Dreb","821"
"Drec","822"
"Dreh","823"
"Drei","824"
"Dren","825"
"Dres","826"
"Dresd","827"
"Drese","828"
"Dress","829"
"Dreu","83"
"Drew","831"
"Drewi","832"
"Drews","833"
"Drex","834"
"Drey","835"
"Dreye","836"
"Dreyf","837"
"Dreyt","838"
"Drez","839"
"Dri","84"
"Dric","841"
"Drie","842"
"Drin","843"
"Driv","844"
"Dro","845"
"Droc","846"
"Droe","847"
"Drog","848"
"Drol","849"
"Dron","85"
"Drop","851"
"Dros","852"
"Drot","853"
"Drou","854"
"Dru","855"
"Druc","856"
"Druk","857"
"Drum","858"
"Drumm","859"
"Drun","86"
"Drur","861"
"Drut","862"
"Druz","863"
"Dry","864"
"Dryp","865"
"Du","866"
"Duai","867"
"Dual","868"
"Duar","869"
"Duarte","87"
"Duarte, C.","871"
"Duarte, F.","872"
"Duarte, M.","873"
"Duarte, P.","874"
"Duarte, T.","875"
"Dub","876"
"Dube","877"
"Dubi","878"
"Dubo","879"
"Dubu","88"
"Duc","881"
"Ducan","882"
"Ducas","883"
"Duce","884"
"Duch","885"
"Duche","886"
"Ducher","887"
"Duchi","888"
"Duck","889"
"Duco","89"
"Dud","891"
"Dude","892"
"Duden","893"
"Dudi","894"
"Dudl","895"
"Dudo","896"
"Dudu","897"
"Due","898"
"Duel","899"
"Duer","91"
"Duf","911"
"Dug","912"
"Duh","913"
"Dui","914"
"Dul","915"
"Dull","916"
"Dulle","917"
"Dulli","918"
"Dullo","919"
"Dum","92"
"Dumb","921"
"Dume","922"
"Dumer","923"
"Dumet","924"
"Dumi","925"
"Dumond","926"
"Dumont","927"
"Dumor","928"
"Dump","929"
"Dun","93"
"Dunc","931"
"Duncan","932"
"Dunck","933"
"Dunco","934"
"Dund","935"
"Dune","936"
"Dunf","937"
"Dunh","938"
"Dunl","939"
"Duno","94"
"Duol","941"
"Dup","942"
"Dupl","943"
"Dupo","944"
"Dupon","945"
"Dupr","946"
"Dupre","947"
"Dupro","948"
"Duq","949"
"Dur","95"
"Durae","951"
"Duran","952"
"Durand","953"
"Durant","954"
"Durao","955"
"Durat","956"
"Duraz","957"
"Durc","958"
"Dure","959"
"Durel","96"
"Duri","961"
"Durin","962"
"Durk","963"
"Duro","964"
"Durv","965"
"Dus","966"
"Dusi","967"
"Duss","968"
"Dust","969"
"Dut","97"
"Duti","971"
"Duto","972"
"Dutr","973"
"Dutra","974"
"Dutra, F.","975"
"Dutra, M.","976"
"Dutra, P.","977"
"Dutra, T.","978"
"Dutt","979"
"Duv","98"
"Duval","981"
"Duve","982"
"Duvo","983"
"Duz","984"
"Dw","985"
"Dwe","986"
"Dwi","987"
"Dwig","988"
"Dwin","989"
"Dwo","99"
"Dwor","991"
"Dwy","992"
"Dy","993"
"Dyb","994"
"Dyk","995"
"Dyn","996"
"Dys","997"
"Dze","998"
"Dzo","999"
"E","1"
"Ea","11"
"Eas","12"
"Eat","13"
"Eba","14"
"Ebel","15"
"Eber","16"
"Ebl","17"
"Ebo","18"
"Eca","19"
"Ech","21"
"Eco","22"
"Eda","23"
"Ede","24"
"Eder","25"
"Edm","26"
"Efa","27"
"Egas","28"
"Ego","29"
"Egy","31"
"Ehr","32"
"Eic","33"
"Eid","34"
"Eig","35"
"Eiras","36"
"Eisen","37"
"Ekm","38"
"Eks","39"
"Elias","41"
"Elie","42"
"Ell","43"
"Els","44"
"Eme","45"
"Emi","46"
"Eng","47"
"Engel","48"
"Eni","49"
"Eno","51"
"Enr","52"
"Epe","53"
"Epi","54"
"Era","55"
"Erc","56"
"Erd","57"
"Ere","58"
"Erg","59"
"Erh","61"
"Eric","62"
"Erid","63"
"Erli","64"
"Erm","65"
"Erne","66"
"Ernst","67"
"Erri","68"
"Ert","69"
"Erw","71"
"Esa","72"
"Esco","73"
"Esper","74"
"Espind","75"
"Espinh","76"
"Espino","77"
"Espir","78"
"Espos","79"
"Esq","81"
"Esse","82"
"Estef","83"
"Estev","84"
"Estrel","85"
"Etz","86"
"Euel","87"
"Eugen","88"
"Euse","89"
"Euz","91"
"Eva","92"
"Evans","93"
"Evar","94"
"Ewb","95"
"Ex","96"
"Ey","97"
"Ezeq","98"
"Ezi","99"
"F","1"
"Fa","11"
"Fab","111"
"Fabb","112"
"Fabbr","113"
"Fabe","114"
"Faber","115"
"Fabi","116"
"Fabian","117"
"Fabie","118"
"Fabr","119"
"Fabre","12"
"Fabri","121"
"Fabrin","122"
"Fac","123"
"Facc","124"
"Facci","125"
"Faccio","126"
"Fach","127"
"Facul","128"
"Facur","129"
"Fad","13"
"Fade","131"
"Fadi","132"
"Fado","133"
"Fadu","134"
"Fae","135"
"Faer","136"
"Faf","137"
"Fag","138"
"Fagg","139"
"Fagu","14"
"Fagundes","141"
"Fagundes, M.","142"
"Fagundes, R.","143"
"Fah","144"
"Fai","145"
"Faig","146"
"Fail","147"
"Faim","148"
"Fain","149"
"Fair","15"
"Fairb","151"
"Fairl","152"
"Fairm","153"
"Fais","154"
"Faj","155"
"Fak","156"
"Fal","157"
"Falan","158"
"Falas","159"
"Falb","16"
"Falbo","161"
"Falc","162"
"Falcao","163"
"Falcao, M.","164"
"Falcao, R.","165"
"Falchi","166"
"Falci","167"
"Falcio","168"
"Falck","169"
"Falco","17"
"Falcom","171"
"Falcon","172"
"Falconi","173"
"Fald","174"
"Faldi","175"
"Fale","176"
"Falei","177"
"Falet","178"
"Falg","179"
"Falk","18"
"Falke","181"
"Fall","182"
"Falle","183"
"Fallet","184"
"Fallo","185"
"Fallu","186"
"Falo","187"
"Falq","188"
"False","189"
"Falsi","19"
"Falt","191"
"Falu","192"
"Falv","193"
"Falz","194"
"Fam","195"
"Famas","196"
"Famb","197"
"Fame","198"
"Famo","199"
"Fan","21"
"Fanc","211"
"Fane","212"
"Fanf","213"
"Fang","214"
"Fani","215"
"Fant","216"
"Fante","217"
"Fanti","218"
"Fantin","219"
"Fanto","22"
"Fantu","221"
"Fanu","222"
"Fanue","223"
"Far","224"
"Farac","225"
"Farah","226"
"Faral","227"
"Faran","228"
"Farb","229"
"Fare","23"
"Fares","231"
"Farh","232"
"Faria","233"
"Faria, F.","234"
"Faria, L.","235"
"Faria, P.","236"
"Faria, T.","237"
"Farias","238"
"Faric","239"
"Farie","24"
"Farin","241"
"Farina","242"
"Farine","243"
"Faris","244"
"Fark","245"
"Farl","246"
"Farm","247"
"Farmo","248"
"Farn","249"
"Farni","25"
"Faro","251"
"Farp","252"
"Farr","253"
"Fars","254"
"Fart","255"
"Fas","256"
"Fasan","257"
"Fasi","258"
"Faso","259"
"Fass","26"
"Fat","261"
"Fate","262"
"Fati","263"
"Fatt","264"
"Fatu","265"
"Fau","266"
"Faul","267"
"Faur","268"
"Faus","269"
"Faust","27"
"Fausti","271"
"Fausto","272"
"Fauz","273"
"Fava","274"
"Faval","275"
"Fave","276"
"Favero","277"
"Favi","278"
"Favil","279"
"Favo","28"
"Favor","281"
"Favr","282"
"Favu","283"
"Faw","284"
"Fawc","285"
"Fawce","286"
"Fawk","287"
"Faws","288"
"Fawt","289"
"Fay","29"
"Faye","291"
"Fayl","292"
"Fayo","293"
"Faz","294"
"Faze","295"
"Fazi","296"
"Fazo","297"
"Fazz","298"
"Fazzi","299"
"Fe","31"
"Fear","311"
"Feat","312"
"Feb","313"
"Fec","314"
"Fecc","315"
"Fech","316"
"Fed","317"
"Fede","318"
"Fee","319"
"Fef","32"
"Feg","321"
"Feh","322"
"Fehr","323"
"Fei","324"
"Feic","325"
"Feie","326"
"Feig","327"
"Feij","328"
"Feik","329"
"Fein","33"
"Feio","331"
"Feir","332"
"Feit","333"
"Feith","334"
"Feito","335"
"Feitosa","336"
"Fej","337"
"Fek","338"
"Fel","339"
"Felc","34"
"Feld","341"
"Feldm","342"
"Feldman","343"
"Felf","344"
"Felg","345"
"Feli","346"
"Felic","347"
"Felici","348"
"Felicio","349"
"Felico","35"
"Felin","351"
"Felip","352"
"Felipe","353"
"Felipel","354"
"Felipo","355"
"Felipp","356"
"Felis","357"
"Felisb","358"
"Feliso","359"
"Felix","36"
"Feliz","361"
"Felizo","362"
"Felizz","363"
"Feller","364"
"Felles","365"
"Felli","366"
"Fellm","367"
"Felln","368"
"Fello","369"
"Fellow","37"
"Fellows","371"
"Feln","372"
"Fels","373"
"Felt","374"
"Fem","375"
"Fen","376"
"Fene","377"
"Feni","378"
"Fenil","379"
"Fenn","38"
"Feno","381"
"Fens","382"
"Feo","383"
"Feol","384"
"Fep","385"
"Fer","386"
"Ferar","387"
"Ferb","388"
"Ferd","389"
"Fere","39"
"Feres","391"
"Ferg","392"
"Feri","393"
"Ferl","394"
"Ferm","395"
"Fermi","396"
"Fern","397"
"Fernandes","398"
"Fernandes, C.","399"
"Fernandes, M.","41"
"Fernandes, P.","411"
"Fernandes, T.","412"
"Fernandez","413"
"Fernar","414"
"Ferne","415"
"Fero","416"
"Ferp","417"
"Ferr","418"
"Ferrac","419"
"Ferrag","42"
"Ferrai","421"
"Ferran","422"
"Ferrant","423"
"Ferrao","424"
"Ferrara","425"
"Ferrare","426"
"Ferrari","427"
"Ferrari, M.","428"
"Ferrari, R.","429"
"Ferraro","43"
"Ferraz","431"
"Ferraz, C.","432"
"Ferraz, F.","433"
"Ferraz, M.","434"
"Ferraz, P.","435"
"Ferraz, T.","436"
"Ferre","437"
"Ferrei","438"
"Ferreira","439"
"Ferreira, C.","44"
"Ferreira, F.","441"
"Ferreira, M.","442"
"Ferreira, P.","443"
"Ferreira, T.","444"
"Ferreiri","445"
"Ferrer","446"
"Ferret","447"
"Ferri","448"
"Ferria","449"
"Ferrig","45"
"Ferrin","451"
"Ferro","452"
"Ferrol","453"
"Ferrom","454"
"Ferron","455"
"Ferru","456"
"Feru","457"
"Fess","458"
"Fet","459"
"Fett","46"
"Fetz","461"
"Feu","462"
"Fev","463"
"Fi","464"
"Fic","465"
"Fich","466"
"Fick","467"
"Fico","468"
"Fid","469"
"Fide","47"
"Fidel","471"
"Fidr","472"
"Fie","473"
"Fiec","474"
"Fied","475"
"Fiel","476"
"Field","477"
"Fieldi","478"
"Fien","479"
"Fier","48"
"Fig","481"
"Figg","482"
"Figli","483"
"Figu","484"
"Figueira","485"
"Figueira, M.","486"
"Figueira, R.","487"
"Figueiredo","488"
"Figueiredo, C.","489"
"Figueiredo, F.","49"
"Figueiredo, M.","491"
"Figueiredo, P.","492"
"Figueiredo, T.","493"
"Figueiri","494"
"Figuera","495"
"Figuero","496"
"Figui","497"
"Fil","498"
"Filar","499"
"Fild","51"
"File","511"
"Filg","512"
"Fili","513"
"Filin","514"
"Filip","515"
"Filipp","516"
"Filippo","517"
"Filis","518"
"Filiz","519"
"Fill","52"
"Fille","521"
"Filli","522"
"Fillm","523"
"Filo","524"
"Filp","525"
"Filt","526"
"Fim","527"
"Fin","528"
"Finam","529"
"Finar","53"
"Find","531"
"Fine","532"
"Fing","533"
"Fini","534"
"Fink","535"
"Finn","536"
"Fino","537"
"Finoc","538"
"Finot","539"
"Fins","54"
"Finu","541"
"Finz","542"
"Fio","543"
"Fioc","544"
"Fiol","545"
"Fior","546"
"Fiord","547"
"Fiore","548"
"Fiorel","549"
"Fioren","55"
"Fioret","551"
"Fiori","552"
"Fiorin","553"
"Fir","554"
"Fire","555"
"Firm","556"
"Firmi","557"
"Firs","558"
"Fisc","559"
"Fisch","56"
"Fischel","561"
"Fischer","562"
"Fischet","563"
"Fischm","564"
"Fish","565"
"Fisk","566"
"Fism","567"
"Fisn","568"
"Fisz","569"
"Fit","57"
"Fitch","571"
"Fite","572"
"Fiti","573"
"Fitip","574"
"Fitti","575"
"Fittin","576"
"Fitto","577"
"Fitts","578"
"Fitz","579"
"Fitze","58"
"Fitzg","581"
"Fitzi","582"
"Fitzp","583"
"Fium","584"
"Fiuz","585"
"Fiv","586"
"Fiw","587"
"Fix","588"
"Fiz","589"
"Fl","59"
"Flab","591"
"Flac","592"
"Flad","593"
"Fladt","594"
"Flag","595"
"Flai","596"
"Flak","597"
"Flam","598"
"Flame","599"
"Flan","61"
"Fland","611"
"Flank","612"
"Flaq","613"
"Flar","614"
"Flas","615"
"Flat","616"
"Flav","617"
"Flavi","618"
"Fle","619"
"Flec","62"
"Fled","621"
"Flei","622"
"Fleis","623"
"Fleiss","624"
"Fleit","625"
"Flek","626"
"Flem","627"
"Fleming","628"
"Fles","629"
"Flet","63"
"Fletcher","631"
"Fleury","632"
"Fleury, C.","633"
"Fleury, F.","634"
"Fleury, M.","635"
"Fleury, P.","636"
"Fleury, R.","637"
"Fleury, T.","638"
"Flex","639"
"Fli","64"
"Flie","641"
"Flin","642"
"Flit","643"
"Fliv","644"
"Flo","645"
"Floe","646"
"Flog","647"
"Flok","648"
"Flor","649"
"Flora","65"
"Flore","651"
"Floren","652"
"Florence","653"
"Florenci","654"
"Florent","655"
"Florenz","656"
"Flores","657"
"Florest","658"
"Flori","659"
"Florid","66"
"Florin","661"
"Florio","662"
"Florip","663"
"Flos","664"
"Flu","665"
"Flud","666"
"Flue","667"
"Flus","668"
"Fly","669"
"Foa","67"
"Fob","671"
"Foc","672"
"Foca","673"
"Focace","674"
"Focan","675"
"Foch","676"
"Fod","677"
"Fodi","678"
"Foe","679"
"Foel","68"
"Fof","681"
"Fog","682"
"Fogaça","683"
"Fogaça, M.","684"
"Fogaça, R.","685"
"Fogal","686"
"Fogar","687"
"Fogel","688"
"Foget","689"
"Fogg","69"
"Fogl","691"
"Fogli","692"
"Fogo","693"
"Foi","694"
"Fol","695"
"Folc","696"
"Fold","697"
"Foleg","698"
"Folet","699"
"Folg","71"
"Folh","711"
"Foli","712"
"Folie","713"
"Folin","714"
"Folio","715"
"Folk","716"
"Folken","717"
"Folkm","718"
"Foll","719"
"Folla","72"
"Folle","721"
"Follen","722"
"Foller","723"
"Follet","724"
"Folley","725"
"Folli","726"
"Follin","727"
"Follio","728"
"Folly","729"
"Folm","73"
"Folo","731"
"Fols","732"
"Folt","733"
"Fom","734"
"Fome","735"
"Fomm","736"
"Fon","737"
"Fone","738"
"Fong","739"
"Fonk","74"
"Fonr","741"
"Fonseca","742"
"Fonseca, C.","743"
"Fonseca, F.","744"
"Fonseca, M.","745"
"Fonseca, P.","746"
"Fonseca, R.","747"
"Fonseca, T.","748"
"Fonsi","749"
"Font","75"
"Fontac","751"
"Fontai","752"
"Fontal","753"
"Fontam","754"
"Fontan","755"
"Fontana","756"
"Fontana, M.","757"
"Fontana, R.","758"
"Fontane","759"
"Fontanet","76"
"Fontao","761"
"Fonte","762"
"Fonten","763"
"Fontes","764"
"Fontes, C.","765"
"Fontes, F.","766"
"Fontes, M.","767"
"Fontes, P.","768"
"Fontes, R.","769"
"Fonti","77"
"Fonto","771"
"Fontoura","772"
"Fontoura, C.","773"
"Fontoura, F.","774"
"Fontoura, M.","775"
"Fontoura, P.","776"
"Fontoura, R.","777"
"Fontoura, T.","778"
"Fonz","779"
"Fonzo","78"
"Foo","781"
"For","782"
"Forac","783"
"Foras","784"
"Forat","785"
"Forb","786"
"Forbes","787"
"Forbes, M.","788"
"Forbes, R.","789"
"Force","79"
"Forch","791"
"Forchi","792"
"Forci","793"
"Ford","794"
"Fore","795"
"Forel","796"
"Fores","797"
"Foresti","798"
"Forg","799"
"Fori","81"
"Forin","811"
"Forj","812"
"Forjaz","813"
"Forjaz, M.","814"
"Forjaz, T.","815"
"Fork","816"
"Forl","817"
"Forle","818"
"Forli","819"
"Forma","82"
"Forme","821"
"Formi","822"
"Formo","823"
"Forna","824"
"Fornas","825"
"Fornaz","826"
"Forne","827"
"Forner","828"
"Fornes","829"
"Forni","83"
"Foro","831"
"Forp","832"
"Forr","833"
"Fors","834"
"Forsh","835"
"Forss","836"
"Forster","837"
"Forster, M.","838"
"Forster, R.","839"
"Forta","84"
"Forte","841"
"Forte, M.","842"
"Forte, R.","843"
"Fortes","844"
"Fortes, M.","845"
"Fortes, R.","846"
"Forti","847"
"Fortn","848"
"Fortt","849"
"Fortu","85"
"Fortun","851"
"Fos","852"
"Fosc","853"
"Foschi","854"
"Foss","855"
"Foster","856"
"Foster, M.","857"
"Foster, R.","858"
"Fot","859"
"Fou","86"
"Four","861"
"Fow","862"
"Fox","863"
"Foz","864"
"Fra","865"
"Frac","866"
"Frack","867"
"Frad","868"
"Frae","869"
"Frag","87"
"Fragal","871"
"Frage","872"
"Fraget","873"
"Frago","874"
"Frai","875"
"Fraim","876"
"Fraiss","877"
"Fral","878"
"Fram","879"
"Fran","88"
"França","881"
"França, M.","882"
"França, R.","883"
"France","884"
"Frances","885"
"Francesc","886"
"Francez","887"
"Francf","888"
"Franchi","889"
"Franchin","89"
"Franci","891"
"Francis","892"
"Francisco","893"
"Franco","894"
"Franco, C.","895"
"Franco, M.","896"
"Franco, P.","897"
"Francon","898"
"Franel","899"
"Frank","91"
"Frank, M.","911"
"Frank, R.","912"
"Franke","913"
"Franken","914"
"Frankl","915"
"Frankm","916"
"Frans","917"
"Frap","918"
"Fras","919"
"Frase","92"
"Frass","921"
"Frate","922"
"Frati","923"
"Fratt","924"
"Frau","925"
"Fray","926"
"Fraz","927"
"Fre","928"
"Fred","929"
"Free","93"
"Freg","931"
"Frei","932"
"Freire","933"
"Freire, M.","934"
"Freire, R.","935"
"Freitas","936"
"Freitas, M.","937"
"Freitas, R.","938"
"Frem","939"
"Fren","94"
"Fres","941"
"Freu","942"
"Frey","943"
"Fri","944"
"Fridm","945"
"Fried","946"
"Friedr","947"
"Fries","948"
"Frig","949"
"Frio","95"
"Fris","951"
"Frisch","952"
"Friso","953"
"Fritz","954"
"Fro","955"
"Froe","956"
"Froi","957"
"From","958"
"Front","959"
"Frost","96"
"Frota","961"
"Fru","962"
"Frug","963"
"Frus","964"
"Fry","965"
"Fuc","966"
"Fuck","967"
"Fue","968"
"Fug","969"
"Fuh","97"
"Fuj","971"
"Fuk","972"
"Ful","973"
"Full","974"
"Fult","975"
"Fum","976"
"Fun","977"
"Funk","978"
"Fuo","979"
"Fup","98"
"Fur","981"
"Fure","982"
"Furi","983"
"Furl","984"
"Furn","985"
"Furt","986"
"Furtado","987"
"Furtado, M.","988"
"Furtado, R.","989"
"Fus","99"
"Fuse","991"
"Fusi","992"
"Fuso","993"
"Fuss","994"
"Fust","995"
"Fut","996"
"Fy","997"
"Fyf","998"
"Fyn","999"
"G","1"
"Ga","11"
"Gab","111"
"Gabb","112"
"Gabe","113"
"Gabi","114"
"Gabo","115"
"Gabr","116"
"Gabri","117"
"Gaby","118"
"Gac","119"
"Gad","12"
"Gae","121"
"Gaer","122"
"Gaet","123"
"Gaetan","124"
"Gaf","125"
"Gag","126"
"Gagl","127"
"Gagli","128"
"Gagn","129"
"Gago","13"
"Gaia","131"
"Gaic","132"
"Gaid","133"
"Gail","134"
"Gain","135"
"Gaio","136"
"Gais","137"
"Gait","138"
"Gaj","139"
"Gal","14"
"Galac","141"
"Galaf","142"
"Galal","143"
"Galan","144"
"Galas","145"
"Galass","146"
"Galat","147"
"Galb","148"
"Gald","149"
"Gale","15"
"Galem","151"
"Galen","152"
"Galer","153"
"Gales","154"
"Galh","155"
"Gali","156"
"Galis","157"
"Gall","158"
"Galle","159"
"Galli","16"
"Gallin","161"
"Gallo","162"
"Gallu","163"
"Gallue","164"
"Galluz","165"
"Galm","166"
"Galo","167"
"Galot","168"
"Galu","169"
"Galv","17"
"Galvao","171"
"Galvao, M.","172"
"Galvao, R.","173"
"Galves","174"
"Gam","175"
"Gama","176"
"Gama, M.","177"
"Gama, R.","178"
"Gamb","179"
"Gambe","18"
"Gambi","181"
"Gambo","182"
"Game","183"
"Gami","184"
"Gan","185"
"Gand","186"
"Gando","187"
"Gandr","188"
"Gang","189"
"Gano","19"
"Gant","191"
"Gap","192"
"Gar","193"
"Garb","194"
"Garbi","195"
"Garc","196"
"Garces","197"
"Garcia","198"
"Garcia, F.","199"
"Garcia, M.","21"
"Garcia, R.","211"
"Gard","212"
"Garde","213"
"Gardne","214"
"Gardo","215"
"Gare","216"
"Garf","217"
"Garg","218"
"Gari","219"
"Garin","22"
"Garm","221"
"Garn","222"
"Garo","223"
"Garr","224"
"Garri","225"
"Garro","226"
"Gars","227"
"Gart","228"
"Garv","229"
"Gas","23"
"Gasc","231"
"Gasp","232"
"Gass","233"
"Gat","234"
"Gatt","235"
"Gau","236"
"Gaud","237"
"Gaudi","238"
"Gaue","239"
"Gaus","24"
"Gaut","241"
"Gav","242"
"Gavi","243"
"Gavo","244"
"Gavr","245"
"Gaw","246"
"Gay","247"
"Gaya","248"
"Gaye","249"
"Gayl","25"
"Gayr","251"
"Gaz","252"
"Gaze","253"
"Gazi","254"
"Gazo","255"
"Gazz","256"
"Gazze","257"
"Gazzi","258"
"Gazzo","259"
"Ge","26"
"Gear","261"
"Geb","262"
"Gec","263"
"Ged","264"
"Gef","265"
"Geg","266"
"Geh","267"
"Gei","268"
"Geic","269"
"Geid","27"
"Geig","271"
"Geil","272"
"Geis","273"
"Geiss","274"
"Gej","275"
"Gejer","276"
"Gel","277"
"Gelan","278"
"Gelb","279"
"Geles","28"
"Gelf","281"
"Gell","282"
"Gelm","283"
"Gelo","284"
"Gelp","285"
"Gem","286"
"Gemm","287"
"Gen","288"
"Gence","289"
"Gene","29"
"Geni","291"
"Genn","292"
"Geno","293"
"Gens","294"
"Gent","295"
"Genz","296"
"Geo","297"
"Geof","298"
"Geor","299"
"Georg","31"
"Ger","311"
"Gerai","312"
"Geral","313"
"Gerald","314"
"Gerb","315"
"Gere","316"
"Geren","317"
"Gerh","318"
"Geri","319"
"Geril","32"
"Gerin","321"
"Gerl","322"
"Germ","323"
"Germe","324"
"Gero","325"
"Gerr","326"
"Gers","327"
"Gerst","328"
"Gert","329"
"Gerv","33"
"Ges","331"
"Gess","332"
"Gest","333"
"Gesu","334"
"Get","335"
"Gev","336"
"Gew","337"
"Gey","338"
"Gez","339"
"Gha","34"
"Ghe","341"
"Gher","342"
"Ghi","343"
"Ghir","344"
"Ghiri","345"
"Ghis","346"
"Ghiso","347"
"Gho","348"
"Ghu","349"
"Gi","35"
"Giac","351"
"Giace","352"
"Giach","353"
"Giaco","354"
"Giacom","355"
"Giacomi","356"
"Giacon","357"
"Giacos","358"
"Giaf","359"
"Giai","36"
"Gial","361"
"Giam","362"
"Gian","363"
"Gianc","364"
"Giane","365"
"Gianet","366"
"Gianf","367"
"Giang","368"
"Giani","369"
"Giann","37"
"Gianne","371"
"Gianno","372"
"Gianq","373"
"Gianu","374"
"Giaq","375"
"Giar","376"
"Gib","377"
"Giba","378"
"Gibb","379"
"Gibe","38"
"Gibi","381"
"Gibr","382"
"Gibs","383"
"Gic","384"
"Gid","385"
"Gie","386"
"Gies","387"
"Gif","388"
"Gig","389"
"Gigl","39"
"Gign","391"
"Gil","392"
"Gilb","393"
"Gild","394"
"Gile","395"
"Gili","396"
"Gill","397"
"Gilm","398"
"Gim","399"
"Gin","41"
"Gind","411"
"Gini","412"
"Gino","413"
"Gio","414"
"Giob","415"
"Gioi","416"
"Giol","417"
"Giom","418"
"Gion","419"
"Gior","42"
"Giord","421"
"Giorg","422"
"Giorgi","423"
"Gios","424"
"Giot","425"
"Giov","426"
"Giovan","427"
"Giove","428"
"Giovi","429"
"Gip","43"
"Gipo","431"
"Gir","432"
"Giral","433"
"Girar","434"
"Girau","435"
"Gire","436"
"Giri","437"
"Giro","438"
"Giron","439"
"Girot","44"
"Gis","441"
"Git","442"
"Giu","443"
"Giudi","444"
"Giug","445"
"Giul","446"
"Giun","447"
"Giur","448"
"Giuz","449"
"Gla","45"
"Glad","451"
"Glads","452"
"Glai","453"
"Glan","454"
"Glas","455"
"Glasb","456"
"Glaser","457"
"Glass","458"
"Glasser","459"
"Glat","46"
"Glatt","461"
"Glau","462"
"Glav","463"
"Glaz","464"
"Gle","465"
"Gleb","466"
"Glei","467"
"Gleic","468"
"Glen","469"
"Gler","47"
"Gles","471"
"Gli","472"
"Glid","473"
"Glie","474"
"Glik","475"
"Glin","476"
"Glit","477"
"Glo","478"
"Gloc","479"
"Glock","48"
"Glog","481"
"Glor","482"
"Gloria","483"
"Glos","484"
"Glou","485"
"Glov","486"
"Glow","487"
"Glu","488"
"Gluc","489"
"Glud","49"
"Glue","491"
"Gly","492"
"Gne","493"
"Gni","494"
"Gno","495"
"Gnoj","496"
"Gob","497"
"Gobb","498"
"Gobbe","499"
"Gobbi","51"
"Gobbis","511"
"Gobbo","512"
"Gobe","513"
"Gobel","514"
"Goben","515"
"Gobet","516"
"Gobi","517"
"Gobit","518"
"Goc","519"
"Gock","52"
"Gocr","521"
"God","522"
"Gode","523"
"Godef","524"
"Godel","525"
"Godes","526"
"Godi","527"
"Godim","528"
"Godin","529"
"Godinho","53"
"Godinho, M.","531"
"Godoy","532"
"Godoy, F.","533"
"Godoy, M.","534"
"Godoy, R.","535"
"Godw","536"
"Goe","537"
"Goeb","538"
"Goed","539"
"Goeh","54"
"Goel","541"
"Goer","542"
"Goes","543"
"Goes, M.","544"
"Goes, R.","545"
"Goet","546"
"Gof","547"
"Goff","548"
"Gog","549"
"Goh","55"
"Gohl","551"
"Gohr","552"
"Goi","553"
"Goic","554"
"Goich","555"
"Goin","556"
"Gois","557"
"Goit","558"
"Gok","559"
"Gol","56"
"Golan","561"
"Golc","562"
"Gold","563"
"Goldb","564"
"Goldem","565"
"Golden","566"
"Goldens","567"
"Goldes","568"
"Goldf","569"
"Goldg","57"
"Goldi","571"
"Goldman","572"
"Goldr","573"
"Golds","574"
"Goldsc","575"
"Goldsm","576"
"Goldso","577"
"Goldt","578"
"Goldtr","579"
"Goldw","58"
"Golf","581"
"Golfi","582"
"Golg","583"
"Goli","584"
"Golin","585"
"Golk","586"
"Goll","587"
"Golln","588"
"Golo","589"
"Golod","59"
"Golon","591"
"Golot","592"
"Golov","593"
"Gols","594"
"Golt","595"
"Golts","596"
"Golu","597"
"Golub","598"
"Goluc","599"
"Golz","61"
"Gom","611"
"Gomes","612"
"Gomes, C.","613"
"Gomes, F.","614"
"Gomes, L.","615"
"Gomes, P.","616"
"Gomes, R.","617"
"Gomes, T.","618"
"Gomez","619"
"Gomide","62"
"Gomidem","621"
"Gomp","622"
"Gonc","623"
"Goncalves","624"
"Gonçalves, C.","625"
"Gonçalves, F.","626"
"Gonçalves, L.","627"
"Gonçalves, P.","628"
"Gonçalves, R.","629"
"Gonçalves, T.","63"
"Gonco","631"
"Gond","632"
"Gonde","633"
"Gondi","634"
"Gondim","635"
"Gondo","636"
"Gondr","637"
"Gone","638"
"Gonel","639"
"Gong","64"
"Gonl","641"
"Gono","642"
"Gons","643"
"Gonsal","644"
"Gonsalez","645"
"Gonsalv","646"
"Gonse","647"
"Gont","648"
"Gonti","649"
"Gonzaga","65"
"Gonzaga, M.","651"
"Gonzalez","652"
"Gonzalez, M.","653"
"Goo","654"
"Good","655"
"Good, M.","656"
"Goode","657"
"Goode, M.","658"
"Goodi","659"
"Goodm","66"
"Goodr","661"
"Goods","662"
"Goodw","663"
"Goos","664"
"Goot","665"
"Gop","666"
"Gor","667"
"Goral","668"
"Gordi","669"
"Gordin","67"
"Gordon","671"
"Gordu","672"
"Gore","673"
"Goren","674"
"Gorg","675"
"Gorgat","676"
"Gorge","677"
"Gorgo","678"
"Gorh","679"
"Gori","68"
"Gorin","681"
"Gork","682"
"Gorm","683"
"Gorn","684"
"Goro","685"
"Gorr","686"
"Gorre","687"
"Gorri","688"
"Gors","689"
"Gort","69"
"Gos","691"
"Gose","692"
"Gosi","693"
"Gosl","694"
"Goso","695"
"Goss","696"
"Gost","697"
"Gosu","698"
"Got","699"
"Gote","71"
"Goti","711"
"Goto","712"
"Gott","713"
"Gottar","714"
"Gotte","715"
"Gottel","716"
"Gotter","717"
"Gottes","718"
"Gotth","719"
"Gottl","72"
"Gottm","721"
"Gotto","722"
"Gotts","723"
"Gotz","724"
"Goud","725"
"Goulard","726"
"Goulart","727"
"Goulart, M.","728"
"Gould","729"
"Goulo","73"
"Gour","731"
"Gous","732"
"Gouss","733"
"Gouvea","734"
"Gouvea, F.","735"
"Gouvea, M.","736"
"Gouvea, R.","737"
"Gouveia","738"
"Gouveia, F.","739"
"Gouveia, M.","74"
"Gouveia, R.","741"
"Gove","742"
"Govi","743"
"Gow","744"
"Goy","745"
"Gozo","746"
"Gozsz","747"
"Gozzi","748"
"Gozzo","749"
"Gra","75"
"Grab","751"
"Grabo","752"
"Graca","753"
"Grace","754"
"Graci","755"
"Gracian","756"
"Gracie","757"
"Gracio","758"
"Graco","759"
"Grad","76"
"Gradel","761"
"Grades","762"
"Gradi","763"
"Grae","764"
"Graf","765"
"Graff","766"
"Grag","767"
"Gragn","768"
"Grah","769"
"Grai","77"
"Gram","771"
"Gramp","772"
"Grams","773"
"Gran","774"
"Granade","775"
"Granado","776"
"Granaro","777"
"Granat","778"
"Grand","779"
"Grandi","78"
"Grandis","781"
"Grane","782"
"Granel","783"
"Graner","784"
"Grang","785"
"Grani","786"
"Granj","787"
"Granje","788"
"Grano","789"
"Grant","79"
"Granu","791"
"Granv","792"
"Granz","793"
"Grap","794"
"Gras","795"
"Grass","796"
"Grasse","797"
"Grassi","798"
"Grassm","799"
"Grasso","81"
"Grau","811"
"Graub","812"
"Graue","813"
"Graum","814"
"Graun","815"
"Graup","816"
"Graus","817"
"Grav","818"
"Gravi","819"
"Gray","82"
"Graz","821"
"Grazian","822"
"Grazin","823"
"Grazz","824"
"Gre","825"
"Grec","826"
"Grecc","827"
"Grech","828"
"Greco","829"
"Green","83"
"Greene","831"
"Greg","832"
"Grego","833"
"Grei","834"
"Greib","835"
"Greif","836"
"Greig","837"
"Greil","838"
"Grein","839"
"Greip","84"
"Greis","841"
"Grel","842"
"Grele","843"
"Greli","844"
"Grell","845"
"Grem","846"
"Gren","847"
"Grep","848"
"Grer","849"
"Gres","85"
"Gresi","851"
"Gresp","852"
"Gress","853"
"Gret","854"
"Greth","855"
"Greut","856"
"Grev","857"
"Grew","858"
"Grey","859"
"Gria","86"
"Grib","861"
"Grie","862"
"Griec","863"
"Gried","864"
"Grier","865"
"Gries","866"
"Griesi","867"
"Grif","868"
"Grig","869"
"Gril","87"
"Grill","871"
"Grillo","872"
"Grim","873"
"Grimm","874"
"Grimo","875"
"Grin","876"
"Grinc","877"
"Grind","878"
"Grine","879"
"Grinf","88"
"Grink","881"
"Grino","882"
"Grins","883"
"Grint","884"
"Grio","885"
"Gris","886"
"Grisan","887"
"Grise","888"
"Grisi","889"
"Griso","89"
"Grisp","891"
"Grit","892"
"Gro","893"
"Grob","894"
"Groe","895"
"Grof","896"
"Groh","897"
"Groi","898"
"Grok","899"
"Grom","91"
"Gron","911"
"Gronc","912"
"Grond","913"
"Groo","914"
"Grop","915"
"Gros","916"
"Grosm","917"
"Gross","918"
"Grosse","919"
"Grossi","92"
"Grossm","921"
"Grosso","922"
"Grost","923"
"Grot","924"
"Grou","925"
"Grov","926"
"Grow","927"
"Gru","928"
"Grub","929"
"Gruc","93"
"Grud","931"
"Grue","932"
"Gruen","933"
"Grum","934"
"Grun","935"
"Grund","936"
"Grune","937"
"Grunf","938"
"Grunk","939"
"Gruns","94"
"Grunst","941"
"Gry","942"
"Gryn","943"
"Guad","944"
"Guae","945"
"Guan","946"
"Guar","947"
"Guardi","948"
"Guari","949"
"Guarn","95"
"Guas","951"
"Guast","952"
"Guat","953"
"Guaz","954"
"Gub","955"
"Gud","956"
"Guedes","957"
"Guedes, M.","958"
"Guedes, R.","959"
"Guel","96"
"Guen","961"
"Guer","962"
"Guerra","963"
"Guerra, M.","964"
"Guerrei","965"
"Guerri","966"
"Guers","967"
"Gues","968"
"Guet","969"
"Gugl","97"
"Gui","971"
"Guido","972"
"Guil","973"
"Guilh","974"
"Guill","975"
"Guimaraes","976"
"Guimaraes, C.","977"
"Guimaraes, F.","978"
"Guimaraes, L.","979"
"Guimaraes, P.","98"
"Guimaraes, T.","981"
"Guini","982"
"Guis","983"
"Gum","984"
"Gun","985"
"Gur","986"
"Gurgel","987"
"Gurl","988"
"Gus","989"
"Gusm","99"
"Gust","991"
"Gut","992"
"Gute","993"
"Guth","994"
"Guti","995"
"Gutt","996"
"Gutto","997"
"Guy","998"
"Guz","999"
"H","1"
"Haa","11"
"Haah","111"
"Haan","112"
"Haas","113"
"Haase","114"
"Hab","115"
"Haber","116"
"Haberf","117"
"Haberk","118"
"Haberl","119"
"Habes","12"
"Habey","121"
"Habi","122"
"Habic","123"
"Habil","124"
"Habis","125"
"Habit","126"
"Habl","127"
"Habr","128"
"Habri","129"
"Habu","13"
"Hace","131"
"Hach","132"
"Hachi","133"
"Hachin","134"
"Haci","135"
"Hack","136"
"Hacke","137"
"Hacker","138"
"Hackero","139"
"Hackett","14"
"Haco","141"
"Had","142"
"Hada","143"
"Hadd","144"
"Haddo","145"
"Hade","146"
"Hadi","147"
"Hadl","148"
"Hadu","149"
"Hae","15"
"Haef","151"
"Haeg","152"
"Haege","153"
"Haeh","154"
"Hael","155"
"Haem","156"
"Haen","157"
"Haeu","158"
"Haf","159"
"Haff","16"
"Haft","161"
"Hag","162"
"Hage","163"
"Hager","164"
"Hagge","165"
"Hagi","166"
"Hagu","167"
"Hah","168"
"Hahn","169"
"Hahne","17"
"Hai","171"
"Haic","172"
"Haid","173"
"Haie","174"
"Haik","175"
"Hail","176"
"Hain","177"
"Haj","178"
"Hajn","179"
"Hak","18"
"Hal","181"
"Halas","182"
"Hale","183"
"Hall","184"
"Ham","185"
"Hame","186"
"Hami","187"
"Hamilt","188"
"Hamm","189"
"Hamme","19"
"Hammet","191"
"Hammon","192"
"Hamon","193"
"Hamp","194"
"Hams","195"
"Hamy","196"
"Han","197"
"Hanan","198"
"Hanc","199"
"Hand","21"
"Hande","211"
"Handr","212"
"Hands","213"
"Hane","214"
"Hanf","215"
"Hang","216"
"Hani","217"
"Hank","218"
"Hann","219"
"Hano","22"
"Hans","221"
"Hansen","222"
"Hanss","223"
"Hant","224"
"Hao","225"
"Hap","226"
"Happ","227"
"Har","228"
"Harad","229"
"Haral","23"
"Harar","231"
"Haras","232"
"Harat","233"
"Harb","234"
"Harc","235"
"Hard","236"
"Hardi","237"
"Hardin","238"
"Hardy","239"
"Hare","24"
"Harf","241"
"Harg","242"
"Hari","243"
"Hark","244"
"Harkn","245"
"Harkr","246"
"Harks","247"
"Harla","248"
"Harli","249"
"Harlo","25"
"Harm","251"
"Harms","252"
"Harmu","253"
"Harn","254"
"Haro","255"
"Harp","256"
"Harper","257"
"Harr","258"
"Harrin","259"
"Harris","26"
"Harrison","261"
"Hart","262"
"Harten","263"
"Hartl","264"
"Hartm","265"
"Harts","266"
"Hartt","267"
"Hartung","268"
"Hartw","269"
"Haru","27"
"Harv","271"
"Harw","272"
"Hasb","273"
"Hasc","274"
"Hase","275"
"Hasel","276"
"Hasem","277"
"Hasen","278"
"Hashi","279"
"Hass","28"
"Hasse","281"
"Hassi","282"
"Hasso","283"
"Hasson","284"
"Hast","285"
"Hat","286"
"Hatan","287"
"Hate","288"
"Hath","289"
"Hato","29"
"Hatr","291"
"Hats","292"
"Hatt","293"
"Hattz","294"
"Hau","295"
"Hauc","296"
"Haue","297"
"Hauf","298"
"Haul","299"
"Haun","31"
"Haupt","311"
"Hauptm","312"
"Haus","313"
"Hause","314"
"Hausen","315"
"Hauser","316"
"Hausk","317"
"Hausm","318"
"Hausn","319"
"Haut","32"
"Hav","321"
"Have","322"
"Havel","323"
"Haw","324"
"Hawk","325"
"Hawr","326"
"Hax","327"
"Hay","328"
"Hayas","329"
"Hayd","33"
"Haye","331"
"Hayf","332"
"Haym","333"
"Hayn","334"
"Haynes","335"
"Hayu","336"
"Haza","337"
"Hazi","338"
"Hazz","339"
"Hea","34"
"Heab","341"
"Head","342"
"Headl","343"
"Heal","344"
"Hean","345"
"Heap","346"
"Hear","347"
"Hearn","348"
"Heb","349"
"Hec","35"
"Hech","351"
"Heck","352"
"Hecker","353"
"Hed","354"
"Hede","355"
"Heder","356"
"Hedl","357"
"Hedr","358"
"Hee","359"
"Heer","36"
"Hef","361"
"Heg","362"
"Hege","363"
"Hegg","364"
"Hegi","365"
"Heh","366"
"Hei","367"
"Heic","368"
"Heid","369"
"Heidec","37"
"Heidel","371"
"Heiden","372"
"Heidin","373"
"Heidt","374"
"Heil","375"
"Heilb","376"
"Heile","377"
"Heilm","378"
"Heim","379"
"Hein","38"
"Heine","381"
"Heini","382"
"Heinr","383"
"Heins","384"
"Heinz","385"
"Heise","386"
"Heisi","387"
"Heisl","388"
"Heiss","389"
"Heit","39"
"Heitm","391"
"Heito","392"
"Heitz","393"
"Hej","394"
"Hek","395"
"Hel","396"
"Helb","397"
"Helbe","398"
"Helbr","399"
"Helc","41"
"Helce","411"
"Held","412"
"Hele","413"
"Helf","414"
"Helg","415"
"Helge","416"
"Heli","417"
"Hell","418"
"Heller","419"
"Hellir","42"
"Hellm","421"
"Helln","422"
"Hello","423"
"Hellw","424"
"Helm","425"
"Helo","426"
"Hels","427"
"Hem","428"
"Heme","429"
"Hemm","43"
"Hen","431"
"Hend","432"
"Hendi","433"
"Hendl","434"
"Hendr","435"
"Hene","436"
"Heng","437"
"Heni","438"
"Henk","439"
"Henkel","44"
"Henm","441"
"Henn","442"
"Hennes","443"
"Hennies","444"
"Hennig","445"
"Heno","446"
"Henr","447"
"Henriq","448"
"Henriques","449"
"Henro","45"
"Henry","451"
"Henryk","452"
"Hens","453"
"Hense","454"
"Hensk","455"
"Henss","456"
"Heo","457"
"Hep","458"
"Hepner","459"
"Herbert","46"
"Herbst","461"
"Herce","462"
"Herck","463"
"Hercu","464"
"Hercy","465"
"Herd","466"
"Here","467"
"Heric","468"
"Hering","469"
"Herk","47"
"Herl","471"
"Herm","472"
"Herman","473"
"Hermes","474"
"Hermi","475"
"Hern","476"
"Hernandes","477"
"Hernandez","478"
"Herndon","479"
"Hero","48"
"Herp","481"
"Herre","482"
"Herreri","483"
"Herrero","484"
"Herring","485"
"Hers","486"
"Hersc","487"
"Herse","488"
"Herst","489"
"Hertz","49"
"Herv","491"
"Herw","492"
"Herz","493"
"Herzberg","494"
"Herzer","495"
"Herzh","496"
"Herzi","497"
"Herzo","498"
"Hesb","499"
"Hesd","51"
"Hese","511"
"Hesi","512"
"Hesk","513"
"Hesl","514"
"Hesp","515"
"Hess","516"
"Hessel","517"
"Hessm","518"
"Het","519"
"Heu","52"
"Heuc","521"
"Heuer","522"
"Heum","523"
"Heus","524"
"Hev","525"
"Hever","526"
"Hew","527"
"Hewi","528"
"Hex","529"
"Hey","53"
"Heye","531"
"Heym","532"
"Heyn","533"
"Heys","534"
"Hi","535"
"Hic","536"
"Hid","537"
"Hidal","538"
"Hie","539"
"Hierl","54"
"Hig","541"
"Hil","542"
"Hile","543"
"Hilk","544"
"Hill","545"
"Hiller","546"
"Hillm","547"
"Hilp","548"
"Hils","549"
"Hilt","55"
"Him","551"
"Himm","552",
"Himml","553"
"Hin","554"
"Hing","555"
"Hins","556"
"Hio","557"
"Hip","558"
"Hir","559"
"Hiro","56"
"Hirs","561"
"Hirsb","562"
"Hirsc","563"
"Hirschb","564"
"Hirschbr","565"
"Hirschel","566"
"Hirschen","567"
"Hirschf","568"
"Hirschl","569"
"Hirschm","57"
"Hirsh","571"
"Hirshb","572"
"Hirst","573"
"Hirsz","574"
"Hirt","575"
"Hirth","576"
"Hirtz","577"
"His","578"
"Hiss","579"
"Hissn","58"
"Hit","581"
"Hitch","582"
"Hitchi","583"
"Hite","584"
"Hiti","585"
"Hitn","586"
"Hito","587"
"Hitu","588"
"Hitz","589"
"Hiu","59"
"Hiv","591"
"Hix","592"
"Hiz","593"
"Hju","594"
"Hmai","595"
"Hna","596"
"Ho","597"
"Hob","598"
"Hobr","599"
"Hoce","61"
"Hoch","611"
"Hoche","612"
"Hochen","613"
"Hochf","614"
"Hochi","615"
"Hochl","616"
"Hochli","617"
"Hochm","618"
"Hochp","619"
"Hochr","62"
"Hock","621"
"Hocl","622"
"Hod","623"
"Hode","624"
"Hoder","625"
"Hodg","626"
"Hodgk","627"
"Hodgs","628"
"Hodi","629"
"Hodo","63"
"Hoe","631"
"Hoeh","632"
"Hoehn","633"
"Hoel","634"
"Hoelk","635"
"Hoelt","636"
"Hoelz","637"
"Hoen","638"
"Hoep","639"
"Hoer","64"
"Hoex","641"
"Hof","642"
"Hofe","643"
"Hoff","644"
"Hoffe","645"
"Hoffi","646"
"Hoffm","647"
"Hoffmann","648"
"Hoffn","649"
"Hofj","65"
"Hofl","651"
"Hofm","652"
"Hofmann","653"
"Hofn","654"
"Hofs","655"
"Hog","656"
"Hoh","657"
"Hohe","658"
"Hohen","659"
"Hohl","66"
"Hohm","661"
"Hoho","662"
"Hoi","663"
"Hoj","664"
"Hojai","665"
"Hojd","666"
"Hok","667"
"Hol","668"
"Holan","669"
"Holb","67"
"Holcb","671"
"Holce","672"
"Holcm","673"
"Hold","674"
"Hole","675"
"Holg","676"
"Holhe","677"
"Holland","678"
"Hollandm","679"
"Hollanda","68"
"Hollands","681"
"Hollen","682"
"Holler","683"
"Holley","684"
"Holli","685"
"Hollin","686"
"Hollm","687"
"Holln","688"
"Hollo","689"
"Hollom","69"
"Hollow","691"
"Holm","692"
"Holmb","693"
"Holme","694"
"Holmes","695"
"Holn","696"
"Hols","697"
"Holst","698"
"Holt","699"
"Holte","71"
"Holth","711"
"Holty","712"
"Holtz","713"
"Holu","714"
"Holy","715"
"Holz","716"
"Holzb","717"
"Holze","718"
"Holzh","719"
"Hom","72"
"Homag","721"
"Homb","722"
"Home","723"
"Homem","724"
"Homen","725"
"Homer","726"
"Homes","727"
"Homi","728"
"Homin","729"
"Homo","73"
"Homon","731"
"Homp","732"
"Homr","733"
"Homs","734"
"Homu","735"
"Hon","736"
"Honce","737"
"Hond","738"
"Hone","739"
"Honeb","74"
"Honeg","741"
"Honer","742"
"Honey","743"
"Hong","744"
"Honi","745"
"Honig","746"
"Honn","747"
"Honor","748"
"Honorio","749"
"Hoo","75"
"Hooc","751"
"Hood","752"
"Hoof","753"
"Hoog","754"
"Hook","755"
"Hool","756"
"Hoor","757"
"Hoos","758"
"Hoover","759"
"Hop","76"
"Hope","761"
"Hopek","762"
"Hopekin","763"
"Hopf","764"
"Hopk","765"
"Hopki","766"
"Hopm","767"
"Hopp","768"
"Hoppe","769"
"Hoppen","77"
"Hoppner","771"
"Hopps","772"
"Hor","773"
"Horal","774"
"Horb","775"
"Horby","776"
"Hord","777"
"Hordi","778"
"Hore","779"
"Horen","78"
"Horey","781"
"Horg","782"
"Horig","783"
"Horio","784"
"Horit","785"
"Horl","786"
"Hormi","787"
"Horn","788"
"Horne","789"
"Horni","79"
"Horno","791"
"Horns","792"
"Horny","793"
"Horo","794"
"Horov","795"
"Horow","796"
"Horr","797"
"Hors","798"
"Horst","799"
"Hort","81"
"Horta","811"
"Horto","812"
"Horv","813"
"Horw","814"
"Hos","815"
"Hose","816"
"Hosh","817"
"Hosk","818"
"Hosn","819"
"Hosp","82"
"Hoss","821"
"Hossne","822"
"Hossni","823"
"Host","824"
"Hot","825"
"Hoti","826"
"Hott","827"
"Hotte","828"
"Hotz","829"
"Hou","83"
"Houc","831"
"Houe","832"
"Houg","833"
"Hough","834"
"Houle","835"
"Houli","836"
"Hous","837"
"Houss","838"
"Houst","839"
"Hov","84"
"Hoven","841"
"Hovn","842"
"How","843"
"Howar","844"
"Howe","845"
"Howi","846"
"Hox","847"
"Hoxt","848"
"Hoy","849"
"Hra","85"
"Hran","851"
"Hre","852"
"Hrei","853"
"Hres","854"
"Hris","855"
"Hrn","856"
"Hro","857"
"Hsi","858"
"Hsu","859"
"Hu","86"
"Huba","861"
"Hubai","862"
"Hubb","863"
"Hube","864"
"Huber","865"
"Huberm","866"
"Hubert","867"
"Hubl","868"
"Hubn","869"
"Hubs","87"
"Huc","871"
"Huch","872"
"Huck","873"
"Hud","874"
"Hudn","875"
"Huds","876"
"Hue","877"
"Hueb","878"
"Huec","879"
"Hueg","88"
"Huel","881"
"Hues","882"
"Huet","883"
"Huf","884"
"Huff","885"
"Hufn","886"
"Huge","887"
"Hugh","888"
"Hugo","889"
"Hugon","89"
"Hui","891"
"Hull","892"
"Hulle","893"
"Huller","894"
"Huls","895"
"Hult","896"
"Hum","897"
"Humb","898"
"Humber","899"
"Hume","91"
"Hummel","911"
"Hump","912"
"Hun","913"
"Hune","914"
"Hung","915"
"Hungr","916"
"Huni","917"
"Hunn","918"
"Huno","919"
"Hunol","92"
"Hunt","921"
"Hunter","922"
"Hunters","923"
"Hunti","924"
"Hunz","925"
"Hup","926"
"Hupe","927"
"Hupr","928"
"Hur","929"
"Hurb","93"
"Hurbi","931"
"Hurc","932"
"Hurd","933"
"Hurde","934"
"Hure","935"
"Huren","936"
"Hurf","937"
"Hurg","938"
"Hurl","939"
"Hurp","94"
"Hurpi","941"
"Hurr","942"
"Hurs","943"
"Hurse","944"
"Hurt","945"
"Hurte","946"
"Hurti","947"
"Hurtig","948"
"Hurton","949"
"Hus","95"
"Huse","951"
"Husen","952"
"Husi","953"
"Husig","954"
"Husm","955"
"Huso","956"
"Huss","957"
"Husse","958"
"Hussel","959"
"Hussen","96"
"Hussi","961"
"Hussn","962"
"Hust","963"
"Huste","964"
"Husti","965"
"Husto","966"
"Hut","967"
"Hutc","968"
"Hutch","969"
"Hutche","97"
"Hutchi","971"
"Hute","972"
"Huti","973"
"Hutle","974"
"Hutler","975"
"Huts","976"
"Hutsch","977"
"Hutt","978"
"Hutte","979"
"Hutter","98"
"Hutti","981"
"Huttn","982"
"Hutto","983"
"Hutton","984"
"Hutz","985"
"Hutzm","986"
"Huv","987"
"Huw","988"
"Hux","989"
"Huz","99"
"Hy","991"
"Hyd","992"
"Hyg","993"
"Hyl","994"
"Hym","995"
"Hyn","996"
"Hyp","997"
"Hypp","998"
"Hys","999"
"I","1"
"Iab","11"
"Iac","12"
"Iad","13"
"Iae","14"
"Iam","15"
"Ian","16"
"Iann","17"
"Iasi","18"
"Iaz","19"
"Ib","21"
"Ic","22"
"Ie","23"
"Ierv","24"
"Iez","25"
"Ig","26"
"Ign","27"
"Ik","28"
"Ila","29"
"Imp","31"
"Ina","32"
"Inc","33"
"Ind","34"
"Ine","35"
"Infan","36"
"Ing","37"
"Inglez","38"
"Ingr","39"
"Ini","41"
"Inn","42"
"Inno","43"
"Inoc","44"
"Inou","45"
"Inser","46"
"Inst","47"
"Inta","48"
"Inui","49"
"Inz","51"
"Ion","52"
"Ior","53"
"Iov","54"
"Ioz","55"
"Ipa","56"
"Ipe","57"
"Ipi","58"
"Ipo","59"
"Ippol","61"
"Ira","62"
"Iren","63"
"Irg","64"
"Iri","65"
"Irl","66"
"Irm","67"
"Irn","68"
"Iro","69"
"Irt","71"
"Irv","72"
"Isa","73"
"Isai","74"
"Isen","75"
"Iser","76"
"Ish","77"
"Isi","78"
"Isle","79"
"Ism","81"
"Isn","82"
"Iso","83"
"Isold","84"
"Ita","85"
"Iti","86"
"Ito","87"
"Iug","88"
"Iun","89"
"Ivan","91"
"Ivar","92"
"Iver","93"
"Ivy","94"
"Iw","95"
"Iy","96"
"Iza","97"
"Izo","98"
"Izz","99"
"J","1"
"Ja","11"
"Jab","12"
"Jac","13"
"Jack","14"
"Jackson","15"
"Jaco","16"
"Jacobi","17"
"Jacobs","18"
"Jacq","19"
"Jae","21"
"Jaf","22"
"Jag","23"
"Jago","24"
"Jai","25"
"Jak","26"
"Jal","27"
"Jame","28"
"James","29"
"Jami","31"
"Jan","32"
"Jane","33"
"Jank","34"
"Jann","35"
"Jano","36"
"Jans","37"
"Janu","38"
"Jap","39"
"Jar","41"
"Jard","42"
"Jarr","43"
"Jas","44"
"Jaw","45"
"Jay","46"
"Jean","47"
"Jeans","48"
"Jef","49"
"Jen","51"
"Jenn","52"
"Jens","53"
"Jer","54"
"Jes","55"
"Jesus","56"
"Jim","57"
"Joa","58"
"Job","59"
"Joe","61"
"Jof","62"
"Joh","63"
"John","64"
"Johnson","65"
"Jol","66"
"Jones","67"
"Jor","68"
"Jorda","69"
"Jorge","71"
"Joseph","72"
"Jost","73"
"Jot","74"
"Jou","75"
"Jouv","76"
"Jov","77"
"Joy","78"
"Joyce","79"
"Joz","81"
"Jua","82"
"Jub","83"
"Juc","84"
"Jud","85"
"Juds","86"
"Jue","87"
"Jule","88"
"Juli","89"
"Jullian","91"
"Jung","92"
"Junk","93"
"Junqueira","94"
"Jur","95"
"Juss","96"
"Just","97"
"Juv","98"
"Juz","99"
"K","1"
"Ka","11"
"Kab","12"
"Kac","13"
"Kad","14"
"Kae","15"
"Kaf","16"
"Kag","17"
"Kahn","18"
"Kai","19"
"Kale","21"
"Kall","22"
"Kam","23"
"Kan","24"
"Kant","25"
"Kap","26"
"Kar","27"
"Karm","28"
"Karr","29"
"Kast","31"
"Kauf","32"
"Kea","33"
"Kee","34"
"Keh","35"
"Kei","36"
"Kell","37"
"Keller","38"
"Kello","39"
"Kels","41"
"Kem","42"
"Ken","43"
"Kent","44"
"Keny","45"
"Kep","46"
"Ker","47"
"Kerr","48"
"Kes","49"
"Kesh","51"
"Kess","52"
"Ket","53"
"Key","54"
"Keyes","55"
"Kh","56"
"Ki","57"
"Kie","58"
"Kier","59"
"Kil","61"
"Kim","62"
"Kin","63"
"King","64"
"Kir","65"
"Kis","66"
"Kit","67"
"Kiv","68"
"Kla","69"
"Kle","71"
"Klei","72"
"Klis","73"
"Klo","74"
"Kna","75"
"Kne","76"
"Kni","77"
"Kno","78"
"Know","79"
"Koc","81"
"Koe","82"
"Koes","83"
"Kof","84"
"Koh","85"
"Koo","86"
"Korn","87"
"Kos","88"
"Kov","89"
"Kra","91"
"Kre","92"
"Kri","93"
"Kro","94"
"Kru","95"
"Krun","96"
"Kub","97"
"Kuh","98"
"Ky","99"
"L","1"
"La","11"
"Lab","111"
"Labad","112"
"Labak","113"
"Laban","114"
"Labas","115"
"Labat","116"
"Labate","117"
"Labate, M.","118"
"Labate, R.","119"
"Labb","12"
"Labe","121"
"Labl","122"
"Labor","123"
"Labou","124"
"Labr","125"
"Labri","126"
"Lac","127"
"Lacai","128"
"Lacan","129"
"Lacas","13"
"Lacasz","131"
"Lacc","132"
"Lace","133"
"Lacerda","134"
"Lacerda, C.","135"
"Lacerda, F.","136"
"Lacerda, J.","137"
"Lacerda, L.","138"
"Lacerda, N.","139"
"Lacerda, P.","14"
"Lacerda, S.","141"
"Lacerda, T.","142"
"Lach","143"
"Lacht","144"
"Lack","145"
"Laco","146"
"Lacon","147"
"Lacor","148"
"Lacos","149"
"Lacre","15"
"Lad","151"
"Lade","152"
"Ladeira","153"
"Ladeira, L.","154"
"Ladeira, R.","155"
"Laden","156"
"Ladi","157"
"Ladn","158"
"Lae","159"
"Laer","16"
"Laet","161"
"Laf","162"
"Lafe","163"
"Laff","164"
"Lafi","165"
"Lafo","166"
"Lafr","167"
"Lafu","168"
"Lag","169"
"Lage","17"
"Lage, L.","171"
"Lage, R.","172"
"Laghi","173"
"Lago","174"
"Lago, L.","175"
"Lago, R.","176"
"Lagoa","177"
"Lagon","178"
"Lagor","179"
"Lagos","18"
"Lagou","181"
"Lagr","182"
"Lagu","183"
"Lagun","184"
"Lah","185"
"Lai","186"
"Laine","187"
"Lair","188"
"Lais","189"
"Lait","19"
"Laiz","191"
"Laj","192"
"Lajn","193"
"Lajo","194"
"Lak","195"
"Lake","196"
"Lakr","197"
"Laks","198"
"Lal","199"
"Lali","21"
"Lall","211"
"Lalli","212"
"Lalo","213"
"Lalon","214"
"Lam","215"
"Lamac","216"
"Lamae","217"
"Lamaj","218"
"Laman","219"
"Lamar","22"
"Lamas","221"
"Lamb","222"
"Lambe","223"
"Lambi","224"
"Lambo","225"
"Lambr","226"
"Lame","227"
"Lameir","228"
"Lami","229"
"Lamm","23"
"Lamo","231"
"Lamon","232"
"Lamos","233"
"Lamp","234"
"Lamu","235"
"Lamy","236"
"Lan","237"
"Lanc","238"
"Lanci","239"
"Land","24"
"Landal","241"
"Landau","242"
"Lande","243"
"Lander","244"
"Landes","245"
"Landi","246"
"Landin","247"
"Lando","248"
"Landr","249"
"Lands","25"
"Landu","251"
"Landuc","252"
"Landul","253"
"Landw","254"
"Landy","255"
"Lane","256"
"Lane, M.","257"
"Lanf","258"
"Lanfr","259"
"Lang","26"
"Lang, F.","261"
"Lang, R.","262"
"Langd","263"
"Lange","264"
"Lange, F.","265"
"Lange, M.","266"
"Lange, R.","267"
"Langel","268"
"Langen","269"
"Langer","27"
"Langf","271"
"Langh","272"
"Langn","273"
"Lango","274"
"Langs","275"
"Lanh","276"
"Lani","277"
"Lann","278"
"Lanne","279"
"Lanni","28"
"Lanno","281"
"Lano","282"
"Lans","283"
"Lant","284"
"Lante","285"
"Lanti","286"
"Lanto","287"
"Lantz","288"
"Lany","289"
"Lanz","29"
"Lanza","291"
"Lanzan","292"
"Lanzar","293"
"Lanzari","294"
"Lanzaro","295"
"Lanzas","296"
"Lanze","297"
"Lanzet","298"
"Lanzi","299"
"Lanzo","31"
"Lanzu","311"
"Lao","312"
"Lapa","313"
"Lapam","314"
"Lapas","315"
"Lape","316"
"Lapi","317"
"Lapo","318"
"Laport","319"
"Laporte","32"
"Lapos","321"
"Lapp","322"
"Lapr","323"
"Lapu","324"
"Lara","325"
"Laraf","326"
"Laram","327"
"Larap","328"
"Larat","329"
"Larac","33"
"Larad","331"
"Laray","332"
"Lare","333"
"Larg","334"
"Lari","335"
"Lark","336"
"Larm","337"
"Laro","338"
"Laroc","339"
"Laron","34"
"Laros","341"
"Larr","342"
"Lars","343"
"Larso","344"
"Laru","345"
"Laruc","346"
"Lasa","347"
"Lasal","348"
"Lasar","349"
"Lasc","35"
"Lascal","351"
"Lascan","352"
"Lascas","353"
"Lasch","354"
"Lasci","355"
"Lasco","356"
"Lasel","357"
"Laser","358"
"Lash","359"
"Laska","36"
"Laske","361"
"Laski","362"
"Lasm","363"
"Lasp","364"
"Lass","365"
"Lassal","366"
"Lassalv","367"
"Lassan","368"
"Lasse","369"
"Lassen","37"
"Lasser","371"
"Lassi","372"
"Lasso","373"
"Last","374"
"Lastr","375"
"Lastri","376"
"Lasz","377"
"Laszi","378"
"Lat","379"
"Lati","38"
"Latin","381"
"Lato","382"
"Latorre","383"
"Latr","384"
"Latro","385"
"Latt","386"
"Latz","387"
"Laua","388"
"Laub","389"
"Lauc","39"
"Laud","391"
"Laudis","392"
"Lauds","393"
"Laue","394"
"Lauer","395"
"Lauf","396"
"Laul","397"
"Laun","398"
"Laur","399"
"Laure","41"
"Laurel","411"
"Lauren","412"
"Laurent","413"
"Laurenz","414"
"Laures","415"
"Lauri","416"
"Laurig","417"
"Laurin","418"
"Laurit","419"
"Lauro","42"
"Laus","421"
"Lausi","422"
"Laut","423"
"Laux","424"
"Lav","425"
"Laval","426"
"Lavan","427"
"Lave","428"
"Lavel","429"
"Lavi","43"
"Lavie","431"
"Lavier","432"
"Lavin","433"
"Lavis","434"
"Lavit","435"
"Lavo","436"
"Lavr","437"
"Lavy","438"
"Law","439"
"Lawd","44"
"Lawe","441"
"Lawf","442"
"Lawl","443"
"Lawle","444"
"Lawlo","445"
"Lawn","446"
"Lawrence","447"
"Lawrence, M.","448"
"Lawrence, R.","449"
"Laws","45"
"Lawt","451"
"Lax","452"
"Laxe","453"
"Laxy","454"
"Lay","455"
"Layo","456"
"Layr","457"
"Laz","458"
"Lazar","459"
"Lazaro","46"
"Lazz","461"
"Lazzari","462"
"Lazzarin","463"
"Lazzaro","464"
"Lazze","465"
"Lazzo","466"
"Lea","467"
"Leac","468"
"Leaf","469"
"Leal","47"
"Leal, F.","471"
"Leal, M.","472"
"Leal, R.","473"
"Leam","474"
"Lean","475"
"Leao","476"
"Leao, M.","477"
"Leao, R.","478"
"Lear","479"
"Leb","48"
"Lebe","481"
"Lebeis","482"
"Leben","483"
"Leber","484"
"Lebert","485"
"Lebl","486"
"Lebr","487"
"Lebre","488"
"Lebro","489"
"Lebru","49"
"Lebs","491"
"Lec","492"
"Lecce","493"
"Lech","494"
"Leci","495"
"Lecl","496"
"Leco","497"
"Lecom","498"
"Lecz","499"
"Led","51"
"Lede","511"
"Leder","512"
"Lederm","513"
"Ledn","514"
"Ledo","515"
"Lee","516"
"Lee, F.","517"
"Lee, M.","518"
"Lee, R.","519"
"Leen","52"
"Lefe","521"
"Lefebr","522"
"Lefev","523"
"Lefr","524"
"Leg","525"
"Lege","526"
"Legl","527"
"Legm","528"
"Legr","529"
"Leh","53"
"Lehm","531"
"Lehn","532"
"Lehr","533"
"Lei","534"
"Leib","535"
"Leic","536"
"Leid","537"
"Leif","538"
"Leig","539"
"Leik","54"
"Leim","541"
"Lein","542"
"Leinz","543"
"Leip","544"
"Leir","545"
"Leis","546"
"Leit","547"
"Leitao","548"
"Leitao, M.","549"
"Leite","55"
"Leite, C.","551"
"Leite, F.","552"
"Leite, J.","553"
"Leite, L.","554"
"Leite, P.","555"
"Leite, T.","556"
"Leitn","557"
"Lel","558"
"Lell","559"
"Lello","56"
"Lelo","561"
"Lely","562"
"Lem","563"
"Lemb","564"
"Lemc","565"
"Leme","566"
"Leme, F.","567"
"Leme, M.","568"
"Leme, R.","569"
"Leme, S.","57"
"Lemi","571"
"Lemme","572"
"Lemmi","573"
"Lemo","574"
"Lemon","575"
"Lemos","576"
"Lemos, F.","577"
"Lemos, M.","578"
"Lemos, R.","579"
"Len","58"
"Lenc","581"
"Lenci","582"
"Lencin","583"
"Leng","584"
"Leni","585"
"Lenn","586"
"Lente","587"
"Lenti","588"
"Lentin","589"
"Lenz","59"
"Leo","591"
"Leom","592"
"Leon","593"
"Leonard","594"
"Leonardi","595"
"Leonardo","596"
"Leonc","597"
"Leone","598"
"Leonel","599"
"Leonet","61"
"Leoni","611"
"Leop","612"
"Leot","613"
"Lep","614"
"Lepe","615"
"Lepi","616"
"Lepl","617"
"Lepo","618"
"Ler","619"
"Lerc","62"
"Lere","621"
"Lerm","622"
"Lern","623"
"Lerner","624"
"Lero","625"
"Leros","626"
"Lerr","627"
"Les","628"
"Lesc","629"
"Lese","63"
"Lessa","631"
"Lessa, M.","632"
"Lesse","633"
"Lessi","634"
"Lest","635"
"Let","636"
"Lett","637"
"Leu","638"
"Leut","639"
"Leuz","64"
"Lev","641"
"Leva","642"
"Leve","643"
"Levi","644"
"Levin","645"
"Levis","646"
"Levit","647"
"Levo","648"
"Levor","649"
"Levy","65"
"Lew","651"
"Lewis","652"
"Lewis, M.","653"
"Lex","654"
"Ley","655"
"Leys","656"
"Lez","657"
"Lhe","658"
"Lho","659"
"Lia","66"
"Lian","661"
"Liar","662"
"Lias","663"
"Lib","664"
"Libe","665"
"Liberat","666"
"Liberm","667"
"Libero","668"
"Libert","669"
"Libm","67"
"Libo","671"
"Libor","672"
"Lic","673"
"Lice","674"
"Lich","675"
"Licht","676"
"Lichti","677"
"Lici","678"
"Lico","679"
"Lid","68"
"Lieb","681"
"Liebl","682"
"Lief","683"
"Lien","684"
"Liep","685"
"Lier","686"
"Lies","687"
"Lif","688"
"Lifs","689"
"Lift","69"
"Lige","691"
"Ligu","692"
"Lik","693"
"Lil","694"
"Lill","695"
"Lima","696"
"Lima, C.","697"
"Lima, F.","698"
"Lima, M.","699"
"Lima, P.","71"
"Lima, T.","711"
"Lime","712"
"Limo","713"
"Limon","714"
"Lin","715"
"Linar","716"
"Linares","717"
"Lince","718"
"Linck","719"
"Linco","72"
"Lind","721"
"Linde","722"
"Linden","723"
"Lindo","724"
"Linds","725"
"Line","726"
"Ling","727"
"Linhar","728"
"Link","729"
"Lino","73"
"Lins","731"
"Lins, M.","732"
"Lins, R.","733"
"Lint","734"
"Lion","735"
"Lip","736"
"Lipe","737"
"Lipi","738"
"Lipk","739"
"Lipo","74"
"Lipp","741"
"Lippe","742"
"Lippi","743"
"Lipr","744"
"Lira","745"
"Liro","746"
"Lisa","747"
"Lisan","748"
"Lisb","749"
"Lisbc","75"
"Lisc","751"
"Lise","752"
"Lisi","753"
"Liss","754"
"List","755"
"Little","756"
"Little, M.","757"
"Litv","758"
"Litz","759"
"Liu","76"
"Liv","761"
"Livi","762"
"Liw","763"
"Lix","764"
"Liz","765"
"Lizi","766"
"Lizz","767"
"Lj","768"
"Lla","769"
"Lli","77"
"Llo","771"
"Llor","772"
"Lloyd","773"
"Lo","774"
"Lob","775"
"Lobao","776"
"Lobato","777"
"Lobato, M.","778"
"Lobato, R.","779"
"Lobb","78"
"Lobel","781"
"Lobo","782"
"Lobo, F.","783"
"Lobo, M.","784"
"Lobo, R.","785"
"Lobo, S.","786"
"Loc","787"
"Locat","788"
"Loce","789"
"Loche","79"
"Lock","791"
"Locke","792"
"Loco","793"
"Locon","794"
"Locos","795"
"Lod","796"
"Lodi","797"
"Lodo","798"
"Lodov","799"
"Lodu","81"
"Lody","811"
"Loe","812"
"Loeb","813"
"Loebi","814"
"Loep","815"
"Loes","816"
"Loew","817"
"Lof","818"
"Lofo","819"
"Log","82"
"Logi","821"
"Logl","822"
"Logs","823"
"Logu","824"
"Lohn","825"
"Loi","826"
"Lois","827"
"Loj","828"
"Lol","829"
"Loll","83"
"Lolli","831"
"Lom","832"
"Lomb","833"
"Lombe","834"
"Lomber","835"
"Lome","836"
"Lomo","837"
"Lond","838"
"Long","839"
"Longar","84"
"Longe","841"
"Longh","842"
"Longm","843"
"Longn","844"
"Longo","845"
"Longob","846"
"Longon","847"
"Loo","848"
"Lop","849"
"Lopes","85"
"Lopes, C.","851"
"Lopes, F.","852"
"Lopes, J.","853"
"Lopes, L.","854"
"Lopes, P.","855"
"Lopes, T.","856"
"Lopez","857"
"Lopez, M.","858"
"Lopez, R.","859"
"Lopo","86"
"Lopr","861"
"Lor","862"
"Lorc","863"
"Lore","864"
"Lorena","865"
"Lorens","866"
"Lorenz","867"
"Lorenzi","868"
"Lorenzo","869"
"Lorenzon","87"
"Loret","871"
"Lorey","872"
"Lori","873"
"Loric","874"
"Lorid","875"
"Lorig","876"
"Loril","877"
"Lorin","878"
"Loro","879"
"Loru","88"
"Losa","881"
"Losac","882"
"Losan","883"
"Losc","884"
"Lose","885"
"Losi","886"
"Loso","887"
"Loson","888"
"Loss","889"
"Losso","89"
"Lot","891"
"Lote","892"
"Lotf","893"
"Loth","894"
"Loti","895"
"Lotit","896"
"Lott","897"
"Lotten","898"
"Lotti","899"
"Lottm","91"
"Lotto","911"
"Lottu","912"
"Lotu","913"
"Lotur","914"
"Lotus","915"
"Loty","916"
"Lotz","917"
"Lou","918"
"Louan","919"
"Loub","92"
"Louc","921"
"Loud","922"
"Loue","923"
"Louf","924"
"Loug","925"
"Loui","926"
"Lour","927"
"Loureiro","928"
"Loureiro, F.","929"
"Loureiro, M.","93"
"Loureiro, P.","931"
"Lourengdo","932"
"Lourenço","933"
"Lourenço, F.","934"
"Lourenço, M.","935"
"Lourenço, P.","936"
"Louri","937"
"Louro","938"
"Lous","939"
"Lousada","94"
"Lousan","941"
"Lout","942"
"Louz","943"
"Louzada","944"
"Louzan","945"
"Lov","946"
"Love","947"
"Loven","948"
"Lover","949"
"Lovi","95"
"Lovo","951"
"Low","952"
"Lowe","953"
"Lowi","954"
"Lown","955"
"Lowr","956"
"Loy","957"
"Loyola","958"
"Loz","959"
"Lu","96"
"Lub","961"
"Lube","962"
"Lubo","963"
"Lubr","964"
"Luc","965"
"Lucas","966"
"Lucc","967"
"Luce","968"
"Luch","969"
"Luchi","97"
"Luci","971"
"Lucio","972"
"Luck","973"
"Luco","974"
"Lud","975"
"Lug","976"
"Lui","977"
"Luis","978"
"Luiz","979"
"Luk","98"
"Lul","981"
"Lum","982"
"Lun","983"
"Luo","984"
"Lup","985"
"Lupp","986"
"Lupq","987"
"Lur","988"
"Lus","989"
"Lust","99"
"Lut","991"
"Lutz","992"
"Luv","993"
"Luz","994"
"Ly","995"
"Lyn","996"
"Lyon","997"
"Lyr","998"
"Lyt","999"
"M","1"
"Ma","11"
"Mab","111"
"Mac","112"
"Macal","113"
"Macb","114"
"Macc","115"
"Maccl","116"
"Maccr","117"
"Macd","118"
"Macedo","119"
"Macedo, C.","12"
"Macedo, F.","121"
"Macedo, L.","122"
"Macedo, P.","123"
"Macedo, S.","124"
"Macedo, T.","125"
"Macf","126"
"Macg","127"
"Mach","128"
"Machado","129"
"Machado, C.","13"
"Machado, F.","131"
"Machado, L.","132"
"Machado, P.","133"
"Machado, S.","134"
"Machado, T.","135"
"Machi","136"
"Maci","137"
"Maciel","138"
"Maciel, M.","139"
"Macin","14"
"Mack","141"
"Macke","142"
"Macken","143"
"Macki","144"
"Macl","145"
"Macm","146"
"Macp","147"
"Macr","148"
"Mact","149"
"Macy","15"
"Mad","151"
"Made","152"
"Madei","153"
"Mader","154"
"Madi","155"
"Madr","156"
"Madri","157"
"Madu","158"
"Madure","159"
"Mae","16"
"Maf","161"
"Maff","162"
"Mag","163"
"Magalhaes","164"
"Magalhaes, C.","165"
"Magalhaes, F.","166"
"Magalhaes, L.","167"
"Magalhaes, P.","168"
"Magalhaes, S.","169"
"Magar","17"
"Mage","171"
"Magg","172"
"Magh","173"
"Magi","174"
"Magl","175"
"Magn","176"
"Mago","177"
"Magr","178"
"Magro","179"
"Magu","18"
"Mah","181"
"Mahn","182"
"Mai","183"
"Maia","184"
"Maia, C.","185"
"Maia, F.","186"
"Maia, L.","187"
"Maia, R.","188"
"Maid","189"
"Maie","19"
"Main","191"
"Maio","192"
"Mais","193"
"Maj","194"
"Mak","195"
"Mal","196"
"Malan","197"
"Malb","198"
"Malc","199"
"Mald","21"
"Malde","211"
"Male","212"
"Maler","213"
"Malf","214"
"Malh","215"
"Malhei","216"
"Mali","217"
"Malk","218"
"Mall","219"
"Malle","22"
"Malm","221"
"Malo","222"
"Malp","223"
"Mals","224"
"Malta","225"
"Malta, M.","226"
"Malu","227"
"Malv","228"
"Malz","229"
"Mam","23"
"Mame","231"
"Mami","232"
"Mamm","233"
"Mamo","234"
"Man","235"
"Manc","236"
"Manci","237"
"Mand","238"
"Mandel","239"
"Mane","24"
"Manf","241"
"Mang","242"
"Mangi","243"
"Manh","244"
"Mani","245"
"Mann","246"
"Mano","247"
"Mans","248"
"Manso","249"
"Mant","25"
"Manto","251"
"Manz","252"
"Manzo","253"
"Map","254"
"Maq","255"
"Mar","256"
"Marac","257"
"Marag","258"
"Maran","259"
"Maranh","26"
"Marb","261"
"Marc","262"
"Marcel","263"
"March","264"
"Marchi","265"
"Marci","266"
"Marco","267"
"Marcondes","268"
"Marcondes, C.","269"
"Marcondes, F.","27"
"Marcondes, J.","271"
"Marcondes, L.","272"
"Marcondes, P.","273"
"Marcondes, S.","274"
"Marconi","275"
"Marcos","276"
"Marcu","277"
"Mard","278"
"Mare","279"
"Marg","28"
"Marge","281"
"Margi","282"
"Margo","283"
"Margu","284"
"Mari","285"
"Marian","286"
"Marie","287"
"Marig","288"
"Marin","289"
"Marinho","29"
"Marinho, M.","291"
"Marini","292"
"Marino","293"
"Marins","294"
"Mario","295"
"Marit","296"
"Mark","297"
"Marl","298"
"Marm","299"
"Marmo","31"
"Maro","311"
"Maron","312"
"Maros","313"
"Marot","314"
"Marques","315"
"Marques, C.","316"
"Marques, F.","317"
"Marques, J.","318"
"Marques, L.","319"
"Marques, P.","32"
"Marques, S.","321"
"Marr","322"
"Marran","323"
"Marre","324"
"Marro","325"
"Mars","326"
"Marsh","327"
"Marshall","328"
"Marst","329"
"Mart","33"
"Marte","331"
"Marten","332"
"Marti","333"
"Martin","334"
"Martinel","335"
"Martines","336"
"Martinez","337"
"Martinho","338"
"Martini","339"
"Martino","34"
"Martins","341"
"Martins, C.","342"
"Martins, F.","343"
"Martins, L.","344"
"Martins, P.","345"
"Martins, S.","346"
"Martins, T.","347"
"Martir","348"
"Marton","349"
"Martor","35"
"Martu","351"
"Martue","352"
"Maru","353"
"Marv","354"
"Marx","355"
"Mary","356"
"Marz","357"
"Mas","358"
"Masag","359"
"Mascar","36"
"Mascare","361"
"Mascaro","362"
"Masch","363"
"Masci","364"
"Mase","365"
"Masi","366"
"Masin","367"
"Maso","368"
"Mass","369"
"Masse","37"
"Massi","371"
"Masso","372"
"Mast","373"
"Mastr","374"
"Mat","375"
"Matar","376"
"Mate","377"
"Math","378"
"Mathi","379"
"Mati","38"
"Matos","381"
"Matos, M.","382"
"Matr","383"
"Mats","384"
"Matta","385"
"Mattar","386"
"Matte","387"
"Matth","388"
"Mattos","389"
"Mattos, C.","39"
"Mattos, F.","391"
"Mattos, L.","392"
"Mattos, P.","393"
"Mattos, S.","394"
"Mattos, T.","395"
"Mattoso","396"
"Matu","397"
"Matz","398"
"Mau","399"
"Maue","41"
"Maug","411"
"Maur","412"
"Maure","413"
"Mauri","414"
"Mauro","415"
"Mav","416"
"Maw","417"
"Max","418"
"Maxi","419"
"May","42"
"Mayer","421"
"Mayn","422"
"Mayr","423"
"Mayt","424"
"Maz","425"
"Maze","426"
"Mazi","427"
"Mazo","428"
"Mazz","429"
"Me","43"
"Mead","431"
"Mec","432"
"Mecc","433"
"Mece","434"
"Meci","435"
"Med","436"
"Mede","437"
"Medeiros","438"
"Medeiros, F.","439"
"Medeiros, M.","44"
"Medi","441"
"Medic","442"
"Medin","443"
"Mee","444"
"Meg","445"
"Meh","446"
"Mei","447"
"Meik","448"
"Meil","449"
"Mein","45"
"Meira","451"
"Meira, M.","452"
"Meire","453"
"Meirelles","454"
"Meirelles, M.","455"
"Meis","456"
"Meiss","457"
"Mej","458"
"Mek","459"
"Mel","46"
"Melan","461"
"Melar","462"
"Melas","463"
"Melc","464"
"Melchi","465"
"Meld","466"
"Mele","467"
"Melf","468"
"Melg","469"
"Meli","47"
"Melil","471"
"Melk","472"
"Mell","473"
"Melle","474"
"Melli","475"
"Mello","476"
"Mello, C.","477"
"Mello, F.","478"
"Mello, L.","479"
"Mello, P.","48"
"Mello, S.","481"
"Mello, T.","482"
"Mellor","483"
"Melm","484"
"Melo","485"
"Melo, M.","486"
"Mem","487"
"Men","488"
"Mendel","489"
"Mendes","49"
"Mendes, F.","491"
"Mendes, M.","492"
"Mendo","493"
"Mendonça","494"
"Mendonça, F.","495"
"Mendonça, M.","496"
"Mendonça, R.","497"
"Mendoz","498"
"Menen","499"
"Menezes","51"
"Menezes, f","511"
"Menezes, m","512"
"Menezes, r","513"
"Meng","514"
"Meni","515"
"Menn","516"
"Meno","517"
"Mens","518"
"Menz","519"
"Meo","52"
"Mer","521"
"Merc","522"
"Mercad","523"
"Mercado","524"
"Merce","525"
"Merch","526"
"Merci","527"
"Merck","528"
"Mercu","529"
"Mere","53"
"Mereg","531"
"Meri","532"
"Merk","533"
"Merl","534"
"Merr","535"
"Merri","536"
"Mers","537"
"Mert","538"
"Merv","539"
"Mery","54"
"Mes","541"
"Mesn","542"
"Mesquita","543"
"Mesquita, F.","544"
"Mesquita, M.","545"
"Mesquita, R.","546"
"Mess","547"
"Messi","548"
"Messin","549"
"Mest","55"
"Met","551"
"Metc","552"
"Metr","553"
"Mett","554"
"Metz","555"
"Metzn","556"
"Meu","557"
"Mey","558"
"Meyer","559"
"Meyer, L.","56"
"Meyer, P.","561"
"Meyn","562"
"Mez","563"
"Mi","564"
"Mia","565"
"Mian","566"
"Mic","567"
"Mice","568"
"Mich","569"
"Miche","57"
"Mici","571"
"Mico","572"
"Mid","573"
"Mie","574"
"Miel","575"
"Mig","576"
"Migu","577"
"Miguez","578"
"Mih","579"
"Mik","58"
"Mil","581"
"Milan","582"
"Milane","583"
"Milanes","584"
"Milani","585"
"Milano","586"
"Milc","587"
"Mile","588"
"Mill","589"
"Millan","59"
"Mille","591"
"Miller","592"
"Milliet","593"
"Millm","594"
"Millo","595"
"Mills","596"
"Milm","597"
"Miln","598"
"Milo","599"
"Milr","61"
"Mils","611"
"Milt","612"
"Milz","613"
"Mim","614"
"Minc","615"
"Mind","616"
"Mine","617"
"Ming","618"
"Mingh","619"
"Minh","62"
"Mini","621"
"Minis","622"
"Minn","623"
"Minni","624"
"Mino","625"
"Mins","626"
"Mint","627"
"Minu","628"
"Minz","629"
"Mio","63"
"Mion","631"
"Miq","632"
"Mir","633"
"Mira","634"
"Mirac","635"
"Mirag","636"
"Miral","637"
"Miram","638"
"Miran","639"
"Miranda","64"
"Miranda, C.","641"
"Miranda, F.","642"
"Miranda, J.","643"
"Miranda, L.","644"
"Miranda, P.","645"
"Miranda, T.","646"
"Mirandez","647"
"Miras","648"
"Mire","649"
"Mirg","65"
"Miri","651"
"Mirl","652"
"Miro","653"
"Miron","654"
"Mirr","655"
"Mirt","656"
"Misa","657"
"Misb","658"
"Mise","659"
"Misi","66"
"Miso","661"
"Miss","662"
"Missi","663"
"Mist","664"
"Misz","665"
"Mit","666"
"Mitch","667"
"Mitchel","668"
"Mitf","669"
"Mitn","67"
"Mitr","671"
"Mits","672"
"Mitt","673"
"Mitte","674"
"Mitz","675"
"Miu","676"
"Miy","677"
"Miyam","678"
"Miyas","679"
"Miyat","68"
"Miz","681"
"Mo","682"
"Moac","683"
"Mob","684"
"Moc","685"
"Moce","686"
"Moch","687"
"Mock","688"
"Moco","689"
"Mocr","69"
"Mod","691"
"Mode","692"
"Moden","693"
"Moder","694"
"Modesto","695"
"Modesto, M.","696"
"Modi","697"
"Modo","698"
"Modu","699"
"Moe","71"
"Moel","711"
"Moem","712"
"Moer","713"
"Mof","714"
"Mog","715"
"Mogi","716"
"Mogr","717"
"Moh","718"
"Moher","719"
"Mohi","72"
"Mohr","721"
"Mohs","722"
"Moi","723"
"Mois","724"
"Mol","725"
"Molan","726"
"Molar","727"
"Molc","728"
"Mold","729"
"Molen","73"
"Moles","731"
"Molf","732"
"Moli","733"
"Molina","734"
"Molinar","735"
"Molino","736"
"Molit","737"
"Moll","738"
"Molle","739"
"Mollo","74"
"Moln","741"
"Moly","742"
"Mom","743"
"Mon","744"
"Monac","745"
"Monar","746"
"Monc","747"
"Mond","748"
"Mondi","749"
"Mone","75"
"Monet","751"
"Monf","752"
"Mong","753"
"Moni","754"
"Moniz","755"
"Monk","756"
"Mono","757"
"Monod","758"
"Monr","759"
"Mons","76"
"Mont","761"
"Montag","762"
"Montal","763"
"Montan","764"
"Montani","765"
"Monte","766"
"Monte, F.","767"
"Monte, M.","768"
"Monte, R.","769"
"Monteb","77"
"Montec","771"
"Montef","772"
"Montei","773"
"Monteiro","774"
"Monteiro, C.","775"
"Monteiro, F.","776"
"Monteiro, J.","777"
"Monteiro, L.","778"
"Monteiro, P.","779"
"Monteiro, T.","78"
"Montel","781"
"Monten","782"
"Montenegro","783"
"Montenegro, M.","784"
"Montep","785"
"Monter","786"
"Montes","787"
"Montesan","788"
"Montesi","789"
"Montet","79"
"Montg","791"
"Monti","792"
"Montic","793"
"Montil","794"
"Montin","795"
"Monto","796"
"Montu","797"
"Monz","798"
"Monzi","799"
"Mood","81"
"Moon","811"
"Moor","812"
"Moore","813"
"Moos","814"
"Mop","815"
"Mor","816"
"Morad","817"
"Moraes","818"
"Moraes, C.","819"
"Moraes, F.","82"
"Moraes, J.","821"
"Moraes, M.","822"
"Moraes, P.","823"
"Moraes, T.","824"
"Morais","825"
"Morais, M.","826"
"Morales","827"
"Morales, M.","828"
"Moran","829"
"Moras","83"
"Morato","831"
"Morb","832"
"Morc","833"
"Mord","834"
"More","835"
"Moreira","836"
"Moreira, C.","837"
"Moreira, M.","838"
"Moreira, R.","839"
"Morel","84"
"Morell","841"
"Moren","842"
"Moret","843"
"Moretz","844"
"Morg","845"
"Morgan","846"
"Morgat","847"
"Morge","848"
"Mori","849"
"Morin","85"
"Moris","851"
"Moritz","852"
"Morl","853"
"Morn","854"
"Moron","855"
"Morr","856"
"Morre","857"
"Morri","858"
"Morro","859"
"Morse","86"
"Mort","861"
"Morte","862"
"Morti","863"
"Morto","864"
"Mos","865"
"Mosc","866"
"Mosco","867"
"Mosd","868"
"Mosk","869"
"Moss","87"
"Mota","871"
"Mott","872"
"Motta","873"
"Motta, F.","874"
"Motta, M.","875"
"Motta, S.","876"
"Motti","877"
"Motu","878"
"Moua","879"
"Mouc","88"
"Moul","881"
"Mouli","882"
"Moun","883"
"Moura","884"
"Moura, C.","885"
"Moura, F.","886"
"Moura, J.","887"
"Moura, M.","888"
"Moura, P.","889"
"Mourao","89"
"Mourao, M.","891"
"Mous","892"
"Mout","893"
"Mouth","894"
"Moutinho","895"
"Moutinho, M.","896"
"Mov","897"
"Mow","898"
"Moy","899"
"Moz","91"
"Mozz","911"
"Mu","912"
"Mub","913"
"Muc","914"
"Much","915"
"Mud","916"
"Mue","917"
"Muel","918"
"Mug","919"
"Mugn","92"
"Muh","921"
"Mul","922"
"Muller","923"
"Muller, M.","924"
"Mulli","925"
"Mult","926"
"Mum","927"
"Mun","928"
"Mune","929"
"Munh","93"
"Munhos","931"
"Munhoz","932"
"Munhoz, M.","933"
"Munis","934"
"Muniz","935"
"Munizm","936"
"Munn","937"
"Muno","938"
"Munr","939"
"Munt","94"
"Munz","941"
"Muo","942"
"Mur","943"
"Murad","944"
"Muran","945"
"Murar","946"
"Murat","947"
"Murb","948"
"Murc","949"
"Mure","95"
"Murg","951"
"Muri","952"
"Muril","953"
"Murin","954"
"Murl","955"
"Murm","956"
"Murn","957"
"Muro","958"
"Murp","959"
"Murph","96"
"Murr","961"
"Murray","962"
"Murry","963"
"Murs","964"
"Murt","965"
"Murti","966"
"Mus","967"
"Musan","968"
"Musar","969"
"Musat","97"
"Musc","971"
"Muse","972"
"Muset","973"
"Museun","974"
"Musi","975"
"Muso","976"
"Muss","977"
"Musse","978"
"Mussi","979"
"Musso","98"
"Mussol","981"
"Must","982"
"Musu","983"
"Musz","984"
"Mut","985"
"Muth","986"
"Mutr","987"
"Mutt","988"
"Muy","989"
"Muz","99"
"Muze","991"
"Muzi","992"
"Muzz","993"
"My","994"
"Mye","995"
"Myk","996"
"Myn","997"
"Myr","998"
"Mys","999"
"N","1"
"Na","11"
"Nab","111"
"Nabh","112"
"Nabo","113"
"Nabr","114"
"Nabu","115"
"Nac","116"
"Nacan","117"
"Nacar","118"
"Nacare","119"
"Nacc","12"
"Nace","121"
"Nach","122"
"Naci","123"
"Nack","124"
"Nacl","125"
"Nad","126"
"Nadal","127"
"Nadd","128"
"Nade","129"
"Nader","13"
"Nadi","131"
"Nadl","132"
"Nado","133"
"Nadr","134"
"Nadu","135"
"Nae","136"
"Naf","137"
"Nag","138"
"Nagao","139"
"Nagas","14"
"Nagat","141"
"Nage","142"
"Nagi","143"
"Nagr","144"
"Nah","145"
"Nahi","146"
"Nahr","147"
"Nai","148"
"Naim","149"
"Naj","15"
"Najl","151"
"Nak","152"
"Nakan","153"
"Nakas","154"
"Nal","155"
"Nald","156"
"Nale","157"
"Nales","158"
"Nali","159"
"Nalo","16"
"Nam","161"
"Name","162"
"Nami","163"
"Namm","164"
"Namo","165"
"Namu","166"
"Namur","167"
"Nan","168"
"Nani","169"
"Nann","17"
"Nano","171"
"Nap","172"
"Napo","173"
"Napoli","174"
"Napolit","175"
"Napp","176"
"Nar","177"
"Narb","178"
"Narc","179"
"Narci","18"
"Nard","181"
"Narde","182"
"Nardi","183"
"Nardib","184"
"Nardo","185"
"Nardy","186"
"Nare","187"
"Nari","188"
"Narr","189"
"Nas","19"
"Nasch","191"
"Nasci","192"
"Nascimento","193"
"Nascimento, C.","194"
"Nascimento, F.","195"
"Nascimento, L.","196"
"Nascimento, P.","197"
"Nascimento, R.","198"
"Nascimento, T.","199"
"Nash","21"
"Nasi","211"
"Naso","212"
"Nasp","213"
"Nasr","214"
"Nass","215"
"Nasser","216"
"Nassi","217"
"Nast","218"
"Nastar","219"
"Nasti","22"
"Nastr","221"
"Nastro","222"
"Natac","223"
"Natal","224"
"Natale","225"
"Natali","226"
"Natall","227"
"Natel","228"
"Nath","229"
"Nati","23"
"Natr","231"
"Natu","232"
"Nau","233"
"Nauf","234"
"Naut","235"
"Nav","236"
"Navaj","237"
"Navar","238"
"Navarr","239"
"Navarro","24"
"Navarro, F.","241"
"Navarro, P.","242"
"Naves","243"
"Nax","244"
"Naz","245"
"Nazare","246"
"Nazareth","247"
"Nazari","248"
"Nazo","249"
"Ne","25"
"Nead","251"
"Neai","252"
"Neal","253"
"Neale","254"
"Nealm","255"
"Nean","256"
"Neand","257"
"Neani","258"
"Neant","259"
"Neat","26"
"Neb","261"
"Neba","262"
"Nebe","263"
"Nebel","264"
"Neben","265"
"Neber","266"
"Nebias","267"
"Nebias, L.","268"
"Nebias, R.","269"
"Nebo","27"
"Nebon","271"
"Nebor","272"
"Nebr","273"
"Nebu","274"
"Nec","275"
"Nece","276"
"Nech","277"
"Neck","278"
"Necki","279"
"Ned","28"
"Nedef","281"
"Neder","282"
"Nedi","283"
"Nee","284"
"Neel","285"
"Neem","286"
"Nees","287"
"Nef","288"
"Neff","289"
"Neg","29"
"Negl","291"
"Negli","292"
"Nego","293"
"Negr","294"
"Negrae","295"
"Negrao","296"
"Negrao, F.","297"
"Negrao, M.","298"
"Negrao, R.","299"
"Negre","31"
"Negreiros","311"
"Negreiros, C.","312"
"Negreiros, F.","313"
"Negreiros, L.","314"
"Negreiros, P.","315"
"Negreiros, R.","316"
"Negreiros, T.","317"
"Negrel","318"
"Negret","319"
"Negrett","32"
"Negri","321"
"Negrin","322"
"Negrini","323"
"Negris","324"
"Negro","325"
"Neh","326"
"Nehm","327"
"Nehr","328"
"Nei","329"
"Neif","33"
"Neil","331"
"Neill","332"
"Neils","333"
"Neir","334"
"Neis","335"
"Neiss","336"
"Neist","337"
"Neiv","338"
"Nej","339"
"Nejm","34"
"Nek","341"
"Nel","342"
"Nelb","343"
"Nelg","344"
"Neli","345"
"Nelk","346"
"Nell","347"
"Nels","348"
"Nelson","349"
"Nelt","35"
"Nelu","351"
"Nem","352"
"Nemer","353"
"Nemes","354"
"Nemet","355"
"Nemi","356"
"Nemo","357"
"Nems","358"
"Nemt","359"
"Nen","36"
"Nep","361"
"Nepo","362"
"Ner","363"
"Neri","364"
"Neris","365"
"Nero","366"
"Ners","367"
"Nerv","368"
"Nery","369"
"Nerz","37"
"Nes","371"
"Nese","372"
"Nesi","373"
"Nesp","374"
"Nespa","375"
"Nespo","376"
"Nesr","377"
"Ness","378"
"Nesse","379"
"Nessi","38"
"Nest","381"
"Nesti","382"
"Nesto","383"
"Nestr","384"
"Neto","385"
"Nets","386"
"Nett","387"
"Netto","388"
"Netto, F.","389"
"Netto, M.","39"
"Netto, R.","391"
"Neu","392"
"Neub","393"
"Neube","394"
"Neubl","395"
"Neud","396"
"Neuf","397"
"Neuh","398"
"Neum","399"
"Neuman","41"
"Neumann","411"
"Neumar","412"
"Neup","413"
"Neur","414"
"Neus","415"
"Neuss","416"
"Neust","417"
"Neuv","418"
"Neuw","419"
"Nev","42"
"Neve","421"
"Neves","422"
"Neves, C.","423"
"Neves, F.","424"
"Neves, L.","425"
"Neves, N.","426"
"Neves, R.","427"
"Neves, T.","428"
"Neveu","429"
"Nevi","43"
"Nevin","431"
"Nevir","432"
"Nevis","433"
"New","434"
"Newb","435"
"Newbe","436"
"Newber","437"
"Newberr","438"
"Newbol","439"
"Newbon","44"
"Newbu","441"
"Newby","442"
"Newc","443"
"Newcl","444"
"Newco","445"
"Newcom","446"
"Newe","447"
"Newel","448"
"Newf","449"
"Newfi","45"
"Newh","451"
"Newhe","452"
"Newho","453"
"Newi","454"
"Newin","455"
"Newir","456"
"Newk","457"
"Newl","458"
"Newli","459"
"Newm","46"
"Newman","461"
"Newmann","462"
"Newn","463"
"Newp","464"
"News","465"
"Newsh","466"
"Newso","467"
"Newt","468"
"Newton","469"
"Ney","47"
"Neye","471"
"Neym","472"
"Neyn","473"
"Neyp","474"
"Neyr","475"
"Neys","476"
"Nez","477"
"Nezi","478"
"Nezo","479"
"Ni","48"
"Niag","481"
"Niah","482"
"Niam","483"
"Nian","484"
"Niar","485"
"Nias","486"
"Nib","487"
"Nibe","488"
"Nibi","489"
"Nibo","49"
"Nibu","491"
"Nic","492"
"Nicac","493"
"Nicae","494"
"Nicai","495"
"Nicar","496"
"Nicas","497"
"Nicast","498"
"Nicc","499"
"Nicch","51"
"Nicco","511"
"Niccol","512"
"Niccoli","513"
"Niccolin","514"
"Nice","515"
"Nich","516"
"Nichol","517"
"Nicholls","518"
"Nichols","519"
"Nicholson","52"
"Nici","521"
"Nicin","522"
"Nick","523"
"Nickal","524"
"Nickel","525"
"Nickels","526"
"Nicker","527"
"Nicki","528"
"Nickl","529"
"Nicklas","53"
"Nicklin","531"
"Nicko","532"
"Nickol","533"
"Nickor","534"
"Nicl","535"
"Nico","536"
"Nicod","537"
"Nicol","538"
"Nicola","539"
"Nicolae","54"
"Nicolai","541"
"Nicolaid","542"
"Nicolaie","543"
"Nicolan","544"
"Nicolas","545"
"Nicolat","546"
"Nicolatt","547"
"Nicolau","548"
"Nicole","549"
"Nicolel","55"
"Nicolell","551"
"Nicolet","552"
"Nicoli","553"
"Nicolin","554"
"Nicoll","555"
"Nicolo","556"
"Nicols","557"
"Nicolson","558"
"Nicos","559"
"Nicot","56"
"Nid","561"
"Nido","562"
"Nie","563"
"Nieb","564"
"Niece","565"
"Nied","566"
"Nieh","567"
"Niel","568"
"Niela","569"
"Niels","57"
"Nielsen","571"
"Niem","572"
"Niemayer","573"
"Niemayer, M.","574"
"Nieme","575"
"Niemo","576"
"Nien","577"
"Nier","578"
"Niere","579"
"Niet","58"
"Niets","581"
"Nieu","582"
"Niev","583"
"Niew","584"
"Nif","585"
"Nig","586"
"Nige","587"
"Nigh","588"
"Night","589"
"Nigl","59"
"Nigra","591"
"Nigri","592"
"Nigro","593"
"Nih","594"
"Nihe","595"
"Nihi","596"
"Niho","597"
"Nij","598"
"Niji","599"
"Nik","61"
"Nikl","611"
"Nile","612"
"Niles","613"
"Nilo","614"
"Nils","615"
"Nilson","616"
"Nim","617"
"Nime","618"
"Nin","619"
"Ninc","62"
"Nine","621"
"Nini","622"
"Ninn","623"
"Nio","624"
"Nion","625"
"Nip","626"
"Nipo","627"
"Nipp","628"
"Niq","629"
"Nir","63"
"Nire","631"
"Niri","632"
"Niro","633"
"Nis","634"
"Nisb","635"
"Nisc","636"
"Nise","637"
"Nish","638"
"Nisi","639"
"Nisk","64"
"Niso","641"
"Nisp","642"
"Niss","643"
"Nist","644"
"Nit","645"
"Nite","646"
"Nits","647"
"Nitt","648"
"Nitz","649"
"Niu","65"
"Niv","651"
"Nive","652"
"Niven","653"
"Niver","654"
"Nivo","655"
"Nix","656"
"Nixo","657"
"Niz","658"
"Nizz","659"
"No","66"
"Noab","661"
"Noac","662"
"Noak","663"
"Noal","664"
"Nobe","665"
"Nobi","666"
"Nobil","667"
"Nobill","668"
"Nobis","669"
"Noble","67"
"Nobre","671"
"Nobre, F.","672"
"Nobre, P.","673"
"Nobrega","674"
"Nobrega, F.","675"
"Nobrega, P.","676"
"Nobu","677"
"Noc","678"
"Nocc","679"
"Nocci","68"
"Noce","681"
"Nocer","682"
"Nocet","683"
"Nocil","684"
"Nocit","685"
"Nod","686"
"Node","687"
"Nodi","688"
"Nodo","689"
"Noe","69"
"Noel","691"
"Noer","692"
"Noes","693"
"Noet","694"
"Nog","695"
"Nogal","696"
"Nogar","697"
"Nogr","698"
"Nogu","699"
"Nogueira","71"
"Nogueira, C.","711"
"Nogueira, F.","712"
"Nogueira, M.","713"
"Nogueira, P.","714"
"Nogueira, R.","715"
"Nogueira, T.","716"
"Nogueiro","717"
"Noh","718"
"Noi","719"
"Noir","72"
"Noirr","721"
"Nois","722"
"Nok","723"
"Nol","724"
"Nold","725"
"Noldi","726"
"Nole","727"
"Nolh","728"
"Noll","729"
"Nollc","73"
"Nollo","731"
"Nolo","732"
"Nom","733"
"Nome","734"
"Nomi","735"
"Nomis","736"
"Non","737"
"Noni","738"
"Nonn","739"
"Noo","74"
"Noor","741"
"Nop","742"
"Nope","743"
"Nopi","744"
"Nopp","745"
"Noppe","746"
"Noppi","747"
"Noppo","748"
"Nor","749"
"Norb","75"
"Norbe","751"
"Nord","752"
"Norden","753"
"Nordh","754"
"Nordi","755"
"Nordm","756"
"Nordon","757"
"Nords","758"
"Nore","759"
"Noren","76"
"Norf","761"
"Nori","762"
"Noris","763"
"Norm","764"
"Normand","765"
"Normanh","766"
"Noronha","767"
"Noronha, L.","768"
"Noronha, R.","769"
"Noros","77"
"Norr","771"
"Norris","772"
"Nort","773"
"Norte","774"
"North","775"
"Norther","776"
"Norti","777"
"Norton","778"
"Norw","779"
"Nos","78"
"Nosc","781"
"Nose","782"
"Nosen","783"
"Nosr","784"
"Noss","785"
"Nost","786"
"Not","787"
"Notari","788"
"Notaro","789"
"Noth","79"
"Noti","791"
"Notl","792"
"Noto","793"
"Notol","794"
"Notr","795"
"Nott","796"
"Nou","797"
"Noue","798"
"Noug","799"
"Nouth","81"
"Nova","811"
"Novac","812"
"Novack","813"
"Novaes","814"
"Novaes, C.","815"
"Novaes, L.","816"
"Novaes, P.","817"
"Novaes, R.","818"
"Novaes, T.","819"
"Novah","82"
"Novais","821"
"Novak","822"
"Novan","823"
"Novap","824"
"Novat","825"
"Nove","826"
"Novel","827"
"Novell","828"
"Novelli","829"
"Novello","83"
"Novels","831"
"Noven","832"
"Novi","833"
"Novice","834"
"Novid","835"
"Novie","836"
"Novig","837"
"Novigr","838"
"Novik","839"
"Noviko","84"
"Novin","841"
"Novit","842"
"Novo","843"
"Novol","844"
"Novole","845"
"Novoli","846"
"Novon","847"
"Novos","848"
"Novot","849"
"Novu","85"
"Novuc","851"
"Novud","852"
"Novul","853"
"Novum","854"
"Novun","855"
"Novup","856"
"Novur","857"
"Novy","858"
"Now","859"
"Nowak","86"
"Noway","861"
"Nowic","862"
"Nowick","863"
"Nowil","864"
"Nowy","865"
"Noy","866"
"Noyce","867"
"Noye","868"
"Noz","869"
"Nua","87"
"Nube","871"
"Nubi","872"
"Nubie","873"
"Nubin","874"
"Nucc","875"
"Nucci","876"
"Nuce","877"
"Nuci","878"
"Nucl","879"
"Nud","88"
"Nude","881"
"Nudel","882"
"Nudelm","883"
"Nuder","884"
"Nue","885"
"Nuen","886"
"Nuer","887"
"Nug","888"
"Nuge","889"
"Nugg","89"
"Nugh","891"
"Nugi","892"
"Nugin","893"
"Nugu","894"
"Nuguc","895"
"Nuh","896"
"Nul","897"
"Nule","898"
"Nuli","899"
"Nulle","91"
"Nulli","911"
"Nulo","912"
"Nulty","913"
"Num","914"
"Numan","915"
"Nume","916"
"Numi","917"
"Numo","918"
"Nun","919"
"Nund","92"
"Nune","921"
"Nuner","922"
"Nunes","923"
"Nunes, C.","924"
"Nunes, F.","925"
"Nunes, L.","926"
"Nunes, P.","927"
"Nunes, R.","928"
"Nunes, T.","929"
"Nunez","93"
"Nuno","931"
"Nunzia","932"
"Nunzio","933"
"Nuo","934"
"Nup","935"
"Nupe","936"
"Nupi","937"
"Nupp","938"
"Nuq","939"
"Nur","94"
"Nurd","941"
"Nurden","942"
"Nure","943"
"Nuri","944"
"Nuro","945"
"Nurp","946"
"Nurr","947"
"Nurs","948"
"Nury","949"
"Nus","95"
"Nusb","951"
"Nusc","952"
"Nusd","953"
"Nuse","954"
"Nusi","955"
"Nusk","956"
"Nusm","957"
"Nuss","958"
"Nussb","959"
"Nusse","96"
"Nusy","961"
"Nut","962"
"Nute","963"
"Nutf","964"
"Nutl","965"
"Nutm","966"
"Nuto","967"
"Nutr","968"
"Nutre","969"
"Nutri","97"
"Nuts","971"
"Nutt","972"
"Nutte","973"
"Nuttin","974"
"Nuv","975"
"Nuz","976"
"Nya","977"
"Nyb","978"
"Nyc","979"
"Nyd","98"
"Nye","981"
"Nyel","982"
"Nyer","983"
"Nyf","984"
"Nyg","985"
"Nyk","986"
"Nyl","987"
"Nyn","988"
"Nyo","989"
"Nyp","99"
"Nypo","991"
"Nyq","992"
"Nyr","993"
"Nyrr","994"
"Nys","995"
"Nyss","996"
"Nyst","997"
"Nystr","998"
"Nyz","999"
"O","1"
"Oa","11"
"Ob","12"
"Obei","13"
"Ober","14"
"Obs","15"
"Oca","16"
"Och","17"
"Oco","18"
"Oda","19"
"Ode","21"
"Odi","22"
"Odiv","23"
"Oe","24"
"Oeh","25"
"Oel","26"
"Ofa","27"
"Og","28"
"Ogl","29"
"Ogu","31"
"Oha","32"
"Ohi","33"
"Ohl","34"
"Oid","35"
"Oka","36"
"Ola","37"
"Olav","38"
"Oli","39"
"Oliva","41"
"Olivan","42"
"Olivar","43"
"Olive","44"
"Oliveira","45"
"Oliveira, C.","46"
"Oliveira, F.","47"
"Oliveira, L.","48"
"Oliveira, P.","49"
"Oliveira, R.","51"
"Oliveira, T.","52"
"Oliver","53"
"Olivi","54"
"Olivier","55"
"Olivio","56"
"Olivo","57"
"Oll","58"
"Olle","59"
"Olm","61"
"Ols","62"
"Oltr","63"
"Om","64"
"Ome","65"
"Ona","66"
"Onc","67"
"Ono","68"
"Opi","69"
"Opp","71"
"Or","72"
"Orb","73"
"Orc","74"
"Orci","75"
"Ord","76"
"Ore","77"
"Ori","78"
"Orl","79"
"Orn","81"
"Oro","82"
"Ors","83"
"Orse","84"
"Orsi","85"
"Orso","86"
"Ort","87"
"Orte","88"
"Ortiz","89"
"Osc","91"
"Oso","92"
"Oss","93"
"Ost","94"
"Osw","95"
"Ott","96"
"Otto","97"
"Ov","98"
"Oz","99"
"P","1"
"Pa","11"
"Paal","111"
"Pab","112"
"Pacc","113"
"Pacci","114"
"Pace","115"
"Pach","116"
"Pacheco","117"
"Pacheco, C.","118"
"Pacheco, F.","119"
"Pacheco, L.","12"
"Pacheco, P.","121"
"Pacheco, T.","122"
"Pachi","123"
"Paci","124"
"Pacif","125"
"Pacin","126"
"Pacio","127"
"Paciu","128"
"Pack","129"
"Paco","13"
"Pad","131"
"Pade","132"
"Padi","133"
"Padilh","134"
"Padill","135"
"Padin","136"
"Pado","137"
"Padov","138"
"Padr","139"
"Padu","14"
"Padul","141"
"Pae","142"
"Paes","143"
"Paes, L.","144"
"Paes, R.","145"
"Paf","146"
"Pag","147"
"Pagano","148"
"Page","149"
"Pagen","15"
"Paget","151"
"Pagg","152"
"Pagl","153"
"Paglio","154"
"Pagliu","155"
"Pagn","156"
"Pagni","157"
"Pagno","158"
"Pagnoz","159"
"Pagu","16"
"Pah","161"
"Paim","162"
"Pain","163"
"Paio","164"
"Pais","165"
"Paiva","166"
"Paiva, C.","167"
"Paiva, F.","168"
"Paiva, L.","169"
"Paiva, P.","17"
"Paiva, T.","171"
"Paix","172"
"Paja","173"
"Paje","174"
"Paji","175"
"Palac","176"
"Palad","177"
"Palag","178"
"Palai","179"
"Palan","18"
"Palat","181"
"Palaz","182"
"Palazz","183"
"Pale","184"
"Paler","185"
"Pales","186"
"Palet","187"
"Palh","188"
"Pali","189"
"Pall","19"
"Pallad","191"
"Pallar","192"
"Pallas","193"
"Paller","194"
"Pallo","195"
"Palma","196"
"Palmb","197"
"Palme","198"
"Palmie","199"
"Palmir","21"
"Palo","211"
"Palom","212"
"Palt","213"
"Palum","214"
"Pamb","215"
"Pamp","216"
"Pamplo","217"
"Pana","218"
"Pani","219"
"Pann","22"
"Pans","221"
"Pant","222"
"Panti","223"
"Panz","224"
"Paol","225"
"Paole","226"
"Paoli","227"
"Paon","228"
"Pap","229"
"Papal","23"
"Papar","231"
"Pape","232"
"Papet","233"
"Papi","234"
"Papo","235"
"Papp","236"
"Par","237"
"Parag","238"
"Parah","239"
"Parai","24"
"Parais","241"
"Paran","242"
"Paranh","243"
"Paras","244"
"Parav","245"
"Pard","246"
"Pardi","247"
"Pardo","248"
"Pare","249"
"Parei","25"
"Parel","251"
"Paren","252"
"Parenti","253"
"Pares","254"
"Paret","255"
"Parf","256"
"Parg","257"
"Pari","258"
"Paris","259"
"Parisi","26"
"Park","261"
"Parker","262"
"Parki","263"
"Parl","264"
"Parm","265"
"Parn","266"
"Paro","267"
"Parol","268"
"Paron","269"
"Parq","27"
"Parr","271"
"Parras","272"
"Parreir","273"
"Parro","274"
"Parru","275"
"Part","276"
"Parz","277"
"Pasc","278"
"Pascal","279"
"Pascar","28"
"Pascarel","281"
"Pasch","282"
"Paschoal","283"
"Paschoal, L.","284"
"Paschoal, R.","285"
"Pascoal","286"
"Pascoli","287"
"Pascu","288"
"Pase","289"
"Pasi","29"
"Pasin","291"
"Pasm","292"
"Paso","293"
"Pasot","294"
"Pasqua","295"
"Pasqual","296"
"Pasquali","297"
"Pasqualin","298"
"Pasqualu","299"
"Pasquin","31"
"Pasquini","311"
"Pasquo","312"
"Passalac","313"
"Passarel","314"
"Passaro","315"
"Passe","316"
"Passer","317"
"Passi","318"
"Passos","319"
"Passos, C.","32"
"Passos, F.","321"
"Passos, L.","322"
"Passos, P.","323"
"Passos, T.","324"
"Passy","325"
"Past","326"
"Pastor","327"
"Pastorel","328"
"Pastori","329"
"Patah","33"
"Patan","331"
"Patar","332"
"Pate","333"
"Pater","334"
"Paterno","335"
"Paterson","336"
"Pati","337"
"Pato","338"
"Patr","339"
"Patri","34"
"Patric","341"
"Patro","342"
"Patt","343"
"Patte","344"
"Patto","345"
"Paula","346"
"Paula, F.","347"
"Paula, M.","348"
"Paula, R.","349"
"Paule","35"
"Pauli","351"
"Paulil","352"
"Paulin","353"
"Paulo","354"
"Paulo, L.","355"
"Paulo, R.","356"
"Pauls","357"
"Paum","358"
"Paun","359"
"Paup","36"
"Paus","361"
"Pauw","362"
"Pavani","363"
"Pavao","364"
"Pavel","365"
"Pavl","366"
"Pay","367"
"Paz","368"
"Pazz","369"
"Pea","37"
"Peach","371"
"Peal","372"
"Pearce","373"
"Pearcy","374"
"Pearson","375"
"Peat","376"
"Peca","377"
"Pecc","378"
"Pecci","379"
"Pece","38"
"Pech","381"
"Pechm","382"
"Peci","383"
"Peck","384"
"Peco","385"
"Pecor","386"
"Pecori","387"
"Ped","388"
"Pedal","389"
"Pedat","39"
"Peder","391"
"Pedernei","392"
"Pedersen","393"
"Pedi","394"
"Pedo","395"
"Pedra","396"
"Pedral","397"
"Pedraz","398"
"Pedreira","399"
"Pedres","41"
"Pedrin","411"
"Pedrini","412"
"Pedro","413"
"Pedrosa","414"
"Pedroso","415"
"Pedrosol","416"
"Pedrosor","417"
"Pedrozo","418"
"Pedru","419"
"Pedu","42"
"Pee","421"
"Peg","422"
"Pegg","423"
"Pein","424"
"Peir","425"
"Peis","426"
"Peixe","427"
"Peixi","428"
"Peixo","429"
"Peixoto","43"
"Peixoto, M.","431"
"Pek","432"
"Pel","433"
"Pele","434"
"Pelegrin","435"
"Peli","436"
"Pelic","437"
"Pelik","438"
"Pella","439"
"Pelleg","44"
"Pellegri","441"
"Pelles","442"
"Pellic","443"
"Pellicc","444"
"Pellin","445"
"Pellis","446"
"Pello","447"
"Pelo","448"
"Pelt","449"
"Pelu","45"
"Pely","451"
"Pelz","452"
"Pen","453"
"Pena","454"
"Pence","455"
"Pene","456"
"Penha","457"
"Peni","458"
"Penna","459"
"Pennam","46"
"Pennac","461"
"Pennaci","462"
"Pennat","463"
"Penne","464"
"Penni","465"
"Penr","466"
"Pens","467"
"Pent","468"
"Pentag","469"
"Penteado","47"
"Penteado, F.","471"
"Penteado, J.","472"
"Penteado, M.","473"
"Penteado, R.","474"
"Pento","475"
"Pentu","476"
"Pepe","477"
"Pepi","478"
"Peppe","479"
"Pera","48"
"Perac","481"
"Peral","482"
"Peras","483"
"Peraz","484"
"Perd","485"
"Pere","486"
"Pereg","487"
"Peregr","488"
"Pereira","489"
"Pereira, C.","49"
"Pereira, F.","491"
"Pereira, J.","492"
"Pereira, M.","493"
"Pereira, P.","494"
"Pereira, R.","495"
"Pereira, T.","496"
"Perel","497"
"Perell","498"
"Perelm","499"
"Peres","51"
"Peres, L.","511"
"Peres, R.","512"
"Peret","513"
"Perez","514"
"Perez, L.","515"
"Perez, R.","516"
"Perg","517"
"Peri","518"
"Peric","519"
"Perid","52"
"Peril","521"
"Perin","522"
"Perio","523"
"Peris","524"
"Periss","525"
"Perk","526"
"Perl","527"
"Perli","528"
"Perlm","529"
"Pern","53"
"Perne","531"
"Perni","532"
"Pero","533"
"Peros","534"
"Perot","535"
"Peroz","536"
"Perp","537"
"Perr","538"
"Perre","539"
"Perri","54"
"Perrin","541"
"Perro","542"
"Perron","543"
"Perrot","544"
"Perrott","545"
"Perru","546"
"Perry","547"
"Pers","548"
"Persi","549"
"Persic","55"
"Perso","551"
"Person","552"
"Person, M.","553"
"Perss","554"
"Pert","555"
"Perti","556"
"Peru","557"
"Peruc","558"
"Perug","559"
"Pesa","56"
"Pesc","561"
"Pesce","562"
"Pescu","563"
"Pese","564"
"Pessa","565"
"Pessi","566"
"Pessoa","567"
"Pessoa, M.","568"
"Pesson","569"
"Pest","57"
"Pestana","571"
"Pestana, M.","572"
"Pet","573"
"Peter","574"
"Peters","575"
"Peters, M.","576"
"Petersen","577"
"Peterson","578"
"Peti","579"
"Petin","58"
"Petit","581"
"Petk","582"
"Petr","583"
"Petrag","584"
"Petre","585"
"Petrel","586"
"Petrer","587"
"Petri","588"
"Petril","589"
"Petrin","59"
"Petroc","591"
"Petron","592"
"Petroni","593"
"Petros","594"
"Petru","595"
"Petta","596"
"Petti","597"
"Pettin","598"
"Pettr","599"
"Petz","61"
"Pev","611"
"Pevi","612"
"Pevs","613"
"Pex","614"
"Pey","615"
"Peyr","616"
"Peys","617"
"Pez","618"
"Pezz","619"
"Pfaf","62"
"Pfar","621"
"Pfau","622"
"Pfe","623"
"Pfeff","624"
"Pfei","625"
"Pfeif","626"
"Pfeil","627"
"Pfen","628"
"Pfin","629"
"Pfip","63"
"Pfo","631"
"Pha","632"
"Phe","633"
"Philio","634"
"Philip","635"
"Philipp","636"
"Philippson","637"
"Philips","638"
"Phillips","639"
"Pho","64"
"Pia","641"
"Piag","642"
"Pian","643"
"Pias","644"
"Piat","645"
"Piaz","646"
"Piazz","647"
"Pic","648"
"Picar","649"
"Picc","65"
"Picch","651"
"Picci","652"
"Piccin","653"
"Piccio","654"
"Picco","655"
"Pice","656"
"Picer","657"
"Pich","658"
"Pichl","659"
"Pick","66"
"Picka","661"
"Picke","662"
"Pico","663"
"Picon","664"
"Picor","665"
"Picos","666"
"Pid","667"
"Pied","668"
"Piem","669"
"Piep","67"
"Pier","671"
"Pieral","672"
"Pierat","673"
"Pierc","674"
"Piero","675"
"Pieron","676"
"Pierre","677"
"Pierri","678"
"Pierro","679"
"Piers","68"
"Pies","681"
"Piet","682"
"Pig","683"
"Pign","684"
"Pik","685"
"Pilar","686"
"Pileg","687"
"Pili","688"
"Pill","689"
"Pilli","69"
"Pillo","691"
"Piln","692"
"Pilot","693"
"Pim","694"
"Pimaz","695"
"Pimen","696"
"Pimenta","697"
"Pimentel","698"
"Pimentel, L.","699"
"Pimentel, R.","71"
"Pimo","711"
"Pimp","712"
"Pin","713"
"Pinar","714"
"Pinc","715"
"Pine","716"
"Pinh","717"
"Pinheiro","718"
"Pinheiro, F.","719"
"Pinheiro, J.","72"
"Pinheiro, M.","721"
"Pinheiro, R.","722"
"Pinho","723"
"Pinho, M.","724"
"Pink","725"
"Pinto","726"
"Pinto, C.","727"
"Pinto, F.","728"
"Pinto, M.","729"
"Pinto, P.","73"
"Pinto, R.","731"
"Pinto, T.","732"
"Pio","733"
"Piol","734"
"Pip","735"
"Pipp","736"
"Piq","737"
"Pir","738"
"Piraja","739"
"Piran","74"
"Pirat","741"
"Pire","742"
"Pires","743"
"Pires, F.","744"
"Pires, J.","745"
"Pires, M.","746"
"Pires, R.","747"
"Piri","748"
"Piro","749"
"Piron","75"
"Piroz","751"
"Pirr","752"
"Pis","753"
"Pisan","754"
"Pisc","755"
"Piss","756"
"Pist","757"
"Pit","758"
"Pitm","759"
"Pito","76"
"Pitt","761"
"Pitti","762"
"Pitto","763"
"Piva","764"
"Piza","765"
"Piza, M.","766"
"Pizz","767"
"Pizzi","768"
"Pizzo","769"
"Pla","77"
"Plac","771"
"Plad","772"
"Plan","773"
"Plani","774"
"Plas","775"
"Plast","776"
"Plat","777"
"Platt","778"
"Plau","779"
"Plaz","78"
"Plen","781"
"Ples","782"
"Pli","783"
"Plo","784"
"Plon","785"
"Plot","786"
"Pluc","787"
"Plum","788"
"Plut","789"
"Pne","79"
"Po","791"
"Poc","792"
"Poch","793"
"Poci","794"
"Poco","795"
"Pod","796"
"Pode","797"
"Poe","798"
"Pog","799"
"Pogg","81"
"Poh","811"
"Poi","812"
"Poir","813"
"Pola","814"
"Polae","815"
"Polan","816"
"Polar","817"
"Polas","818"
"Polat","819"
"Polc","82"
"Pole","821"
"Polet","822"
"Poli","823"
"Polic","824"
"Polich","825"
"Polig","826"
"Polil","827"
"Polim","828"
"Polit","829"
"Polito","83"
"Polity","831"
"Poliz","832"
"Poll","833"
"Pollar","834"
"Poller","835"
"Polli","836"
"Pollo","837"
"Polo","838"
"Pols","839"
"Polu","84"
"Poly","841"
"Pom","842"
"Pomar","843"
"Pomari","844"
"Pomb","845"
"Pome","846"
"Pomer","847"
"Pomm","848"
"Pomp","849"
"Pompeo","85"
"Pompeu","851"
"Pompi","852"
"Ponce","853"
"Ponci","854"
"Pond","855"
"Pong","856"
"Ponte","857"
"Pontes","858"
"Pontesm","859"
"Pontual","86"
"Ponz","861"
"Ponzi","862"
"Pop","863"
"Pope","864"
"Popo","865"
"Popp","866"
"Poppi","867"
"Popu","868"
"Porc","869"
"Porchat","87"
"Porei","871"
"Porf","872"
"Pori","873"
"Porr","874"
"Pors","875"
"Port","876"
"Porte","877"
"Porter","878"
"Portes","879"
"Porti","88"
"Porto","881"
"Porto, L.","882"
"Porto, R.","883"
"Portog","884"
"Portugal","885"
"Portugal, M.","886"
"Pos","887"
"Posi","888"
"Poss","889"
"Post","89"
"Pot","891"
"Potr","892"
"Pott","893"
"Pou","894"
"Pow","895"
"Poy","896"
"Poz","897"
"Pozz","898"
"Pozzi","899"
"Pra","91"
"Prace","911"
"Praco","912"
"Prad","913"
"Prade","914"
"Prado","915"
"Prado, C.","916"
"Prado, F.","917"
"Prado, M.","918"
"Prado, P.","919"
"Prado, R.","92"
"Prado, T.","921"
"Pral","922"
"Pran","923"
"Prata","924"
"Prates","925"
"Prato","926"
"Pratt","927"
"Prau","928"
"Prav","929"
"Pray","93"
"Praz","931"
"Pre","932"
"Pred","933"
"Pref","934"
"Prel","935"
"Pren","936"
"Pres","937"
"Press","938"
"Prest","939"
"Pret","94"
"Preti","941"
"Prett","942"
"Preu","943"
"Prev","944"
"Prey","945"
"Prez","946"
"Pri","947"
"Pric","948"
"Prie","949"
"Prim","95"
"Primo","951"
"Prin","952"
"Prio","953"
"Prior","954"
"Priss","955"
"Pro","956"
"Proe","957"
"Prof","958"
"Pros","959"
"Prot","96"
"Prott","961"
"Proud","962"
"Prov","963"
"Prow","964"
"Proz","965"
"Pru","966"
"Pry","967"
"Prz","968"
"Ps","969"
"Pu","97"
"Pucc","971"
"Puccin","972"
"Puch","973"
"Pud","974"
"Pue","975"
"Puer","976"
"Pug","977"
"Puglie","978"
"Puglis","979"
"Pui","98"
"Pujo","981"
"Puli","982"
"Pull","983"
"Pun","984"
"Puo","985"
"Pupo","986"
"Pupp","987"
"Pur","988"
"Pus","989"
"Put","99"
"Putn","991"
"Putt","992"
"Putti","993"
"Putz","994"
"Puy","995"
"Puzo","996"
"Pye","997"
"Pyl","998"
"Pyr","999"
"Q","1"
"Qe","11"
"Qi","12"
"Qua","13"
"Quab","14"
"Quac","15"
"Quad","16"
"Quadr","17"
"Quadros","18"
"Quadrot","19"
"Quag","21"
"Quai","22"
"Qual","23"
"Quan","24"
"Quar","25"
"Quares","26"
"Quartim","27"
"Quartim, M.","28"
"Quartin","29"
"Quas","31"
"Quatr","32"
"Quatri","33"
"Quatt","34"
"Que","35"
"Queb","36"
"Qued","37"
"Quee","38"
"Quei","39"
"Queir","41"
"Queiroz","42"
"Queiroz, C.","43"
"Queiroz, F.","44"
"Queiroz, L.","45"
"Queiroz, P.","46"
"Queiroz, R.","47"
"Queiroz, T.","48"
"Quel","49"
"Quen","51"
"Quer","52"
"Queri","53"
"Quest","54"
"Quet","55"
"Quev","56"
"Qui","57"
"Quil","58"
"Quill","59"
"Quim","61"
"Quin","62"
"Quinc","63"
"Quine","64"
"Quint","65"
"Quintal","66"
"Quintan","67"
"Quintani","68"
"Quinte","69"
"Quintel","71"
"Quinti","72"
"Quintili","73"
"Quintin","74"
"Quinto","75"
"Quinz","76"
"Quip","77"
"Quir","78"
"Quirino","79"
"Quirino, M.","81"
"Quiro","82"
"Quis","83"
"Quit","84"
"Quitt","85"
"Quo","86"
"Quoi","87"
"Quor","88"
"Quos","89"
"Quot","91"
"Qup","92"
"Qur","93"
"Qut","94"
"Quv","95"
"Quy","96"
"Qva","97"
"Qvi","98"
"Qy","99"
"R","1"
"Ra","11"
"Rab","111"
"Rabb","112"
"Rabe","113"
"Rabel","114"
"Rabem","115"
"Raben","116"
"Rac","117"
"Rach","118"
"Raci","119"
"Rad","12"
"Radi","121"
"Rado","122"
"Rae","123"
"Raf","124"
"Rag","125"
"Rago","126"
"Ragu","127"
"Rahm","128"
"Rai","129"
"Raim","13"
"Rain","131"
"Raj","132"
"Ral","133"
"Ram","134"
"Ramalho","135"
"Ramalho, M.","136"
"Ramb","137"
"Rame","138"
"Rami","139"
"Ramo","14"
"Ramos","141"
"Ramos, C.","142"
"Ramos, F.","143"
"Ramos, L.","144"
"Ramos, P.","145"
"Ramos, R.","146"
"Ramos, T.","147"
"Ramp","148"
"Rampo","149"
"Rams","15"
"Ramu","151"
"Rand","152"
"Randal","153"
"Rangel","154"
"Rangel, L.","155"
"Rangel, R.","156"
"Rani","157"
"Rank","158"
"Ranki","159"
"Rann","16"
"Rano","161"
"Ranz","162"
"Ranzi","163"
"Rao","164"
"Raph","165"
"Rapi","166"
"Raposo","167"
"Raposo, M.","168"
"Rapp","169"
"Raq","17"
"Ras","171"
"Rasc","172"
"Rasei","173"
"Rasg","174"
"Rash","175"
"Rasm","176"
"Raso","177"
"Rasp","178"
"Rass","179"
"Rast","18"
"Rastel","181"
"Rat","182"
"Rath","183"
"Ratti","184"
"Ratto","185"
"Ratz","186"
"Rau","187"
"Raud","188"
"Raul","189"
"Raum","19"
"Raus","191"
"Raut","192"
"Rav","193"
"Ravai","194"
"Raval","195"
"Ravan","196"
"Ravas","197"
"Rave","198"
"Raven","199"
"Ravenn","21"
"Ravi","211"
"Raw","212"
"Rawl","213"
"Ray","214"
"Raym","215"
"Rayma","216"
"Rays","217"
"Raz","218"
"Razz","219"
"Re","22"
"Read","221"
"Real","222"
"Reale","223"
"Ream","224"
"Rean","225"
"Rear","226"
"Reau","227"
"Reb","228"
"Rebec","229"
"Rebei","23"
"Rebel","231"
"Rebell","232"
"Rebello","233"
"Rebelo","234"
"Reben","235"
"Rebi","236"
"Rebo","237"
"Rebot","238"
"Rebou","239"
"Rebouças","24"
"Rebouças, M.","241"
"Rebouças, R.","242"
"Rebu","243"
"Rec","244"
"Rech","245"
"Reck","246"
"Recl","247"
"Reco","248"
"Red","249"
"Redi","25"
"Redm","251"
"Redo","252"
"Reds","253"
"Ree","254"
"Reed","255"
"Rees","256"
"Reev","257"
"Reg","258"
"Regg","259"
"Reggi","26"
"Reggio","261"
"Regin","262"
"Reginet","263"
"Regino","264"
"Regis","265"
"Regn","266"
"Rego","267"
"Rego, M.","268"
"Regu","269"
"Rehd","27"
"Rehder","271"
"Rehf","272"
"Rei","273"
"Reib","274"
"Reic","275"
"Reich","276"
"Reiche","277"
"Reichel","278"
"Reichen","279"
"Reicher","28"
"Reichert","281"
"Reichl","282"
"Reichm","283"
"Reid","284"
"Reide","285"
"Reil","286"
"Reim","287"
"Reimb","288"
"Rein","289"
"Reine","29"
"Reinh","291"
"Reinhe","292"
"Reinho","293"
"Reini","294"
"Reino","295"
"Reins","296"
"Reip","297"
"Reis","298"
"Reis, C.","299"
"Reis, F.","31"
"Reis, L.","311"
"Reis, P.","312"
"Reis, T.","313"
"Reise","314"
"Reisi","315"
"Reisn","316"
"Reisz","317"
"Reit","318"
"Reitz","319"
"Rej","32"
"Rel","321"
"Rem","322"
"Reme","323"
"Remi","324"
"Remp","325"
"Rems","326"
"Ren","327"
"Rend","328"
"Reng","329"
"Renk","33"
"Renn","331"
"Reno","332"
"Rent","333"
"Renz","334"
"Reo","335"
"Rep","336"
"Req","337"
"Res","338"
"Resc","339"
"Rese","34"
"Resen","341"
"Resn","342"
"Ress","343"
"Rest","344"
"Ret","345"
"Reus","346"
"Reut","347"
"Rev","348"
"Reve","349"
"Revo","35"
"Rey","351"
"Reyes","352"
"Reyl","353"
"Reyni","354"
"Reyno","355"
"Rezende","356"
"Rezende, L.","357"
"Rezende, P.","358"
"Rezende, T.","359"
"Rhe","36"
"Rhei","361"
"Rho","362"
"Ria","363"
"Rib","364"
"Ribas","365"
"Ribas, M.","366"
"Ribeiro","367"
"Ribeiro, C.","368"
"Ribeiro, F.","369"
"Ribeiro, M.","37"
"Ribeiro, P.","371"
"Ribeiro, R.","372"
"Ribey","373"
"Ribo","374"
"Ric","375"
"Ricar","376"
"Ricc","377"
"Ricch","378"
"Ricci","379"
"Ricco","38"
"Rice","381"
"Rice, M.","382"
"Rich","383"
"Rich, M.","384"
"Richard","385"
"Richard, M.","386"
"Richards","387"
"Richards, M.","388"
"Richardson","389"
"Richel","39"
"Richet","391"
"Richarm","392"
"Richmond","393"
"Richt","394"
"Richter","395"
"Rick","396"
"Ricke","397"
"Ricki","398"
"Rico","399"
"Ricor","41"
"Rid","411"
"Ride","412"
"Ridg","413"
"Rie","414"
"Riec","415"
"Ried","416"
"Rieg","417"
"Rieh","418"
"Riel","419"
"Riem","42"
"Riep","421"
"Ries","422"
"Riet","423"
"Rif","424"
"Rig","425"
"Rigg","426"
"Righ","427"
"Rigo","428"
"Ril","429"
"Riley","43"
"Rill","431"
"Rim","432"
"Rimb","433"
"Rime","434"
"Rimen","435"
"Rimi","436"
"Rimin","437"
"Rimm","438"
"Rimp","439"
"Rin","44"
"Rinal","441"
"Rinc","442"
"Rind","443"
"Rine","444"
"Ring","445"
"Ringe","446"
"Ringi","447"
"Rink","448"
"Rino","449"
"Rins","45"
"Rint","451"
"Rio","452"
"Rios","453"
"Riot","454"
"Rip","455"
"Ripe","456"
"Ripi","457"
"Ripl","458"
"Ripo","459"
"Ripp","46"
"Rippe","461"
"Ripper","462"
"Rippi","463"
"Rippo","464"
"Riq","465"
"Rique","466"
"Riqui","467"
"Rir","468"
"Ris","469"
"Risaf","47"
"Risat","471"
"Risc","472"
"Rise","473"
"Riseg","474"
"Rish","475"
"Risi","476"
"Risin","477"
"Risk","478"
"Riso","479"
"Risol","48"
"Risp","481"
"Riss","482"
"Rissi","483"
"Rissm","484"
"Risso","485"
"Rist","486"
"Riste","487"
"Risti","488"
"Risto","489"
"Risu","49"
"Rit","491"
"Ritc","492"
"Rite","493"
"Riti","494"
"Rito","495"
"Rits","496"
"Ritt","497"
"Ritter","498"
"Ritti","499"
"Rittie","51"
"Rittn","511"
"Ritz","512"
"Riu","513"
"Rium","514"
"Riv","515"
"Rivad","516"
"Rivai","517"
"Rivar","518"
"Rivas","519"
"Rive","52"
"Riven","521"
"River","522"
"Rivet","523"
"Rivi","524"
"Rivie","525"
"Rivol","526"
"Riw","527"
"Rix","528"
"Riz","529"
"Rizk","53"
"Rizo","531"
"Rizz","532"
"Rizzar","533"
"Rizzat","534"
"Rizze","535"
"Rizzi","536"
"Rizzin","537"
"Rizzo","538"
"Rizzo, M.","539"
"Roa","54"
"Roab","541"
"Roac","542"
"Road","543"
"Roar","544"
"Robb","545"
"Robert","546"
"Roberti","547"
"Roberto","548"
"Roberts","549"
"Robertson","55"
"Robi","551"
"Robil","552"
"Robin","553"
"Robins","554"
"Robinson","555"
"Robinson, M.","556"
"Robir","557"
"Robles","558"
"Roblin","559"
"Robo","56"
"Robort","561"
"Roc","562"
"Rocai","563"
"Rocam","564"
"Rocar","565"
"Rocce","566"
"Rocch","567"
"Rocci","568"
"Rocco","569"
"Roch","57"
"Rocha","571"
"Rocha, C.","572"
"Rocha, F.","573"
"Rocha, L.","574"
"Rocha, P.","575"
"Rocha, R.","576"
"Rocha, T.","577"
"Roche","578"
"Rochel","579"
"Rocher","58"
"Roches","581"
"Rochl","582"
"Rochm","583"
"Rocho","584"
"Rock","585"
"Rocke","586"
"Rockm","587"
"Rockw","588"
"Rocl","589"
"Rod","59"
"Rodan","591"
"Rode","592"
"Rodel","593"
"Roder","594"
"Rodi","595"
"Rodo","596"
"Rodol","597"
"Rodov","598"
"Rodovalho","599"
"Rodr","61"
"Rodrigues","611"
"Rodrigues, C.","612"
"Rodrigues, F.","613"
"Rodrigues, L.","614"
"Rodrigues, P.","615"
"Rodrigues, R.","616"
"Rodrigues, T.","617"
"Rodriguez","618"
"Rodriguez, M.","619"
"Roe","62"
"Roed","621"
"Roeh","622"
"Roel","623"
"Roen","624"
"Roer","625"
"Roes","626"
"Rog","627"
"Roge","628"
"Roger","629"
"Rogerio","63"
"Rogers","631"
"Rogg","632"
"Rogi","633"
"Roh","634"
"Rohl","635"
"Rohm","636"
"Rohr","637"
"Roi","638"
"Rois","639"
"Roisen","64"
"Roisin","641"
"Roism","642"
"Roit","643"
"Roiz","644"
"Roj","645"
"Rok","646"
"Rol","647"
"Rolan","648"
"Rold","649"
"Role","65"
"Rolf","651"
"Roli","652"
"Rolim","653"
"Rolim, M.","654"
"Roll","655"
"Rolle","656"
"Rolli","657"
"Rollins","658"
"Rollo","659"
"Roln","66"
"Rom","661"
"Romag","662"
"Roman","663"
"Romani","664"
"Romano","665"
"Romano, L.","666"
"Romano, R.","667"
"Romao","668"
"Romaris","669"
"Romb","67"
"Romeiro","671"
"Romero","672"
"Romi","673"
"Romo","674"
"Ron","675"
"Ronc","676"
"Roncat","677"
"Ronch","678"
"Ronco","679"
"Rond","68"
"Rondi","681"
"Ronn","682"
"Roo","683"
"Roof","684"
"Rool","685"
"Roos","686"
"Root","687"
"Rop","688"
"Rope","689"
"Roq","69"
"Roqui","691"
"Ror","692"
"Rori","693"
"Rosa","694"
"Rosa, L.","695"
"Rosa, R.","696"
"Rosad","697"
"Rosal","698"
"Rosales","699"
"Rosan","71"
"Rosanis","711"
"Rosano","712"
"Rosar","713"
"Rosas","714"
"Rosat","715"
"Rosc","716"
"Rosci","717"
"Rose","718"
"Rosel","719"
"Rosem","72"
"Rosemb","721"
"Rosen","722"
"Rosenb","723"
"Rosenbe","724"
"Rosend","725"
"Rosenf","726"
"Rosenh","727"
"Rosent","728"
"Rosenz","729"
"Rosi","73"
"Rosin","731"
"Rosit","732"
"Rosl","733"
"Rosm","734"
"Rosn","735"
"Roso","736"
"Rosol","737"
"Ross","738"
"Rossa","739"
"Rosse","74"
"Rossi","741"
"Rossi, L.","742"
"Rossi, M.","743"
"Rossin","744"
"Rossm","745"
"Rosso","746"
"Rost","747"
"Rosw","748"
"Rosz","749"
"Rot","75"
"Rote","751"
"Roten","752"
"Roter","753"
"Roth","754"
"Rothe","755"
"Roths","756"
"Roti","757"
"Roto","758"
"Roton","759"
"Rott","76"
"Rotter","761"
"Rotun","762"
"Rou","763"
"Rouan","764"
"Roud","765"
"Roug","766"
"Roul","767"
"Roun","768"
"Rouss","769"
"Rousseau","77"
"Roussel","771"
"Rout","772"
"Roux","773"
"Rov","774"
"Rove","775"
"Rovel","776"
"Rover","777"
"Roveri","778"
"Rovi","779"
"Rovir","78"
"Rovo","781"
"Rovon","782"
"Row","783"
"Rowc","784"
"Rowcr","785"
"Rowe","786"
"Rowel","787"
"Rowl","788"
"Rows","789"
"Rox","79"
"Roxo","791"
"Roy","792"
"Royd","793"
"Roye","794"
"Roys","795"
"Roz","796"
"Rozan","797"
"Rozar","798"
"Roze","799"
"Rozem","81"
"Rozemb","811"
"Rozen","812"
"Rozenb","813"
"Rozens","814"
"Rozm","815"
"Rozo","816"
"Rozze","817"
"Rozzi","818"
"Rozzin","819"
"Ru","82"
"Ruan","821"
"Ruas","822"
"Rub","823"
"Rubar","824"
"Rubb","825"
"Rubbi","826"
"Rubbio","827"
"Rubbo","828"
"Rube","829"
"Ruben","83"
"Rubi","831"
"Rubiao","832"
"Rubim","833"
"Rubin","834"
"Rubinf","835"
"Rubinh","836"
"Rubini","837"
"Rubino","838"
"Rubins","839"
"Rubio","84"
"Rubl","841"
"Rubs","842"
"Ruc","843"
"Ruce","844"
"Ruch","845"
"Rud","846"
"Rude","847"
"Ruder","848"
"Rudge","849"
"Rudge, M.","85"
"Rudi","851"
"Rudin","852"
"Rudn","853"
"Rudni","854"
"Rudo","855"
"Rudol","856"
"Rudolph","857"
"Rudor","858"
"Rudy","859"
"Rue","86"
"Rued","861"
"Rueg","862"
"Ruf","863"
"Ruff","864"
"Rufi","865"
"Rug","866"
"Rugg","867"
"Rugger","868"
"Ruggero","869"
"Ruggi","87"
"Ruggie","871"
"Ruggir","872"
"Ruggl","873"
"Rugi","874"
"Rugn","875"
"Rugo","876"
"Ruh","877"
"Ruhm","878"
"Rui","879"
"Ruic","88"
"Ruim","881"
"Ruis","882"
"Ruiv","883"
"Ruiz","884"
"Ruiz, L.","885"
"Ruiz, R.","886"
"Rul","887"
"Rule","888"
"Rum","889"
"Rumo","89"
"Rums","891"
"Run","892"
"Rung","893"
"Runk","894"
"Ruo","895"
"Ruoc","896"
"Ruop","897"
"Ruot","898"
"Rup","899"
"Rupi","91"
"Rupo","911"
"Rupp","912"
"Rur","913"
"Rus","914"
"Rusc","915"
"Rusch","916"
"Rusco","917"
"Ruse","918"
"Rush","919"
"Rusi","92"
"Ruso","921"
"Russ","922"
"Russe","923"
"Russel","924"
"Russell","925"
"Russi","926"
"Russia","927"
"Russie","928"
"Russio","929"
"Russo","93"
"Russo, L.","933"
"Russo, R.","931"
"Russol","932"
"Russom","934"
"Russu","935"
"Rust","936"
"Ruste","937"
"Rut","938"
"Rute","939"
"Ruth","94"
"Rutl","941"
"Rutm","942"
"Rutt","943"
"Ruv","944"
"Ruw","945"
"Rux","946"
"Ruy","947"
"Ruys","948"
"Ruyt","949"
"Ruz","95"
"Ruzz","951"
"Rya","952"
"Ryal","953"
"Ryall","954"
"Ryan","955"
"Ryb","956"
"Ryc","957"
"Ryce","958"
"Rych","959"
"Ryck","96"
"Rycker","961"
"Ryd","962"
"Ryde","963"
"Ryder","964"
"Rydg","965"
"Rydi","966"
"Rydm","967"
"Rydp","968"
"Rydy","969"
"Rye","97"
"Ryen","971"
"Ryer","972"
"Ryf","973"
"Ryg","974"
"Ryk","975"
"Ryl","976"
"Ryle","977"
"Ryli","978"
"Rylo","979"
"Rym","98"
"Rymer","981"
"Rymi","982"
"Rymk","983"
"Rymo","984"
"Ryms","985"
"Ryn","986"
"Rynd","987"
"Ryne","988"
"Ryni","989"
"Ryo","99"
"Ryp","991"
"Rys","992"
"Ryse","993"
"Ryt","994"
"Ryu","995"
"Rz","996"
"Rze","997"
"Rzi","998"
"Rzo","999"
"S","1"
"Sá","11"
"Sá, C.","111"
"Sá, F.","112"
"Sá, L.","113"
"Sá, P.","114"
"Sa, R.","115"
"Saa","116"
"Sab","117"
"Sabb","118"
"Sabe","119"
"Sabi","12"
"Sabin","121"
"Sabo","122"
"Sabu","123"
"Sac","124"
"Sacc","125"
"Sach","126"
"Sack","127"
"Sad","128"
"Sade","129"
"Sadl","13"
"Sado","131"
"Sadr","132"
"Saen","133"
"Saf","134"
"Sag","135"
"Sage","136"
"Sagu","137"
"Sah","138"
"Sai","139"
"Sail","14"
"Saint","141"
"Saint, A.","142"
"Saint, C.","143"
"Saint, E.","144"
"Saint, H.","145"
"Saint, L.","146"
"Saint, M.","147"
"Saint, P.","148"
"Saint, S.","149"
"Saint, V.","15"
"Sainz","151"
"Sak","152"
"Sal","153"
"Sald","154"
"Sale","155"
"Salf","156"
"Salg","157"
"Salgado","158"
"Salgado, M.","159"
"Sali","16"
"Salk","161"
"Salles","162"
"Salles, C.","163"
"Salles, F.","164"
"Salles, M.","165"
"Salles, R.","166"
"Sallu","167"
"Salm","168"
"Salo","169"
"Salom","17"
"Salt","171"
"Salu","172"
"Salv","173"
"Salve","174"
"Salvi","175"
"Salvo","176"
"Salz","177"
"Sam","178"
"Samar","179"
"Samb","18"
"Sampaio","181"
"Sampaio, C.","182"
"Sampaio, F.","183"
"Sampaio, L.","184"
"Sampaio, P.","185"
"Sampaio, R.","186"
"Samr","187"
"Samu","188"
"San","189"
"Sanches","19"
"Sanches, L.","191"
"Sanches, R.","192"
"Sanchez","193"
"Sanchez, L.","194"
"Sanchez, R.","195"
"Sanct","196"
"Sand","197"
"Sande","198"
"Sando","199"
"Sandov","21"
"Sandr","211"
"Sane","212"
"Sanf","213"
"Sang","214"
"Sangi","215"
"Sangir","216"
"Sani","217"
"Sank","218"
"Sanm","219"
"Sann","22"
"Sans","221"
"Santa","222"
"Santan","223"
"Santar","224"
"Sante","225"
"Santi","226"
"Santil","227"
"Santis","228"
"Santo","229"
"Santoc","23"
"Santon","231"
"Santor","232"
"Santos","233"
"Santos, C.","234"
"Santos, F.","235"
"Santos, L.","236"
"Santos, P.","237"
"Santos, R.","238"
"Santos, T.","239"
"Sao","24"
"Sao, L.","241"
"Sao, R.","242"
"Sap","243"
"Sapp","244"
"Sar","245"
"Saraiva","246"
"Saraiva, M.","247"
"Sard","248"
"Sardin","249"
"Sarf","25"
"Sarg","251"
"Sark","252"
"Sarl","253"
"Sarm","254"
"Sarmen","255"
"Sarmi","256"
"Saro","257"
"Sarr","258"
"Sart","259"
"Sarto","26"
"Sartr","261"
"Sarz","262"
"Sas","263"
"Sass","264"
"Sat","265"
"Sato","266"
"Satr","267"
"Satt","268"
"Satu","269"
"Saty","27"
"Satz","271"
"Saub","272"
"Sauer","273"
"Saul","274"
"Saun","275"
"Sauv","276"
"Sav","277"
"Savi","278"
"Savo","279"
"Savoy","28"
"Saw","281"
"Saway","282"
"Say","283"
"Saye","284"
"Sayr","285"
"Saz","286"
"Sb","287"
"Sbra","288"
"Sbri","289"
"Sca","29"
"Scac","291"
"Scag","292"
"Scal","293"
"Scan","294"
"Scap","295"
"Scar","296"
"Scare","297"
"Scarl","298"
"Scarm","299"
"Scarp","31"
"Scarpe","311"
"Scarr","312"
"Scat","313"
"Scati","314"
"Scav","315"
"Sce","316"
"Sch","317"
"Schac","318"
"Schae","319"
"Schaeff","32"
"Schaf","321"
"Schaff","322"
"Schal","323"
"Scham","324"
"Schan","325"
"Schar","326"
"Scharf","327"
"Scharff","328"
"Scharl","329"
"Schat","33"
"Schau","331"
"Sche","332"
"Schee","333"
"Scheef","334"
"Scheeff","335"
"Scheel","336"
"Schef","337"
"Scheff","338"
"Scheg","339"
"Schei","34"
"Scheid","341"
"Scheil","342"
"Schein","343"
"Schel","344"
"Schell","345"
"Schen","346"
"Scher","347"
"Scherr","348"
"Schet","349"
"Schev","35"
"Schia","351"
"Schiav","352"
"Schib","353"
"Schic","354"
"Schie","355"
"Schier","356"
"Schies","357"
"Schiff","358"
"Schifn","359"
"Schil","36"
"Schill","361"
"Schim","362"
"Schin","363"
"Schir","364"
"Schk","365"
"Schl","366"
"Schlei","367"
"Schlen","368"
"Schles","369"
"Schli","37"
"Schlo","371"
"Schm","372"
"Schme","373"
"Schmid","374"
"Schmid, M.","375"
"Schmidt","376"
"Schmidt, L.","377"
"Schmidt, R.","378"
"Schmie","379"
"Schmitt","38"
"Schmitz","381"
"Schmo","382"
"Schmu","383"
"Schne","384"
"Schnei","385"
"Schni","386"
"Schnit","387"
"Schno","388"
"Scho","389"
"Schoe","39"
"Schol","391"
"Schon","392"
"Schone","393"
"Schop","394"
"Schor","395"
"Schorr","396"
"Schos","397"
"Schot","398"
"Schoue","399"
"Schr","41"
"Schrei","411"
"Schro","412"
"Schua","413"
"Schub","414"
"Schue","415"
"Schul","416"
"Schult","417"
"Schulz","418"
"Schum","419"
"Schur","42"
"Schus","421"
"Schut","422"
"Schutz","423"
"Schv","424"
"Schw","425"
"Schwar","426"
"Schwarts","427"
"Schwarz","428"
"Schwei","429"
"Schwer","43"
"Sci","431"
"Scie","432"
"Scin","433"
"Sciu","434"
"Sco","435"
"Scol","436"
"Scoll","437"
"Scotch","438"
"Scott","439"
"Scott, W.","44"
"Scri","441"
"Scu","442"
"Se","443"
"Seabra","444"
"Seabra, M.","445"
"Seag","446"
"Sear","447"
"Sears","448"
"Seb","449"
"Sec","45"
"Seco","451"
"Secr","452"
"Sed","453"
"See","454"
"Seel","455"
"Seg","456"
"Sege","457"
"Segr","458"
"Segu","459"
"Sei","46"
"Seig","461"
"Seil","462"
"Seip","463"
"Seixas","464"
"Seixas, M.","465"
"Sel","466"
"Seli","467"
"Sell","468"
"Selv","469"
"Sem","47"
"Seme","471"
"Semeg","472"
"Semer","473"
"Semi","474"
"Seml","475"
"Semp","476"
"Sena","477"
"Send","478"
"Sene","479"
"Seni","48"
"Senn","481"
"Sens","482"
"Seo","483"
"Sep","484"
"Seq","485"
"Ser","486"
"Seraf","487"
"Serap","488"
"Serb","489"
"Sere","49"
"Serg","491"
"Seri","492"
"Serip","493"
"Serm","494"
"Serp","495"
"Serra","496"
"Serra, M.","497"
"Serran","498"
"Serrao","499"
"Serre","51"
"Serro","511"
"Sert","512"
"Serv","513"
"Servi","514"
"Serz","515"
"Sess","516"
"Sest","517"
"Sete","518"
"Sette","519"
"Setti","52"
"Setto","521"
"Setubal","522"
"Seu","523"
"Sev","524"
"Sever","525"
"Sevi","526"
"Sew","527"
"Sewe","528"
"Sex","529"
"Sey","53"
"Sfe","531"
"Sfo","532"
"Sga","533"
"Sgam","534"
"Sgar","535"
"Sgui","536"
"Sha","537"
"Shai","538"
"Shak","539"
"Sham","54"
"Shar","541"
"Shaw","542"
"Shea","543"
"Shed","544"
"Shee","545"
"Shef","546"
"Shei","547"
"Shel","548"
"Shell","549"
"Shelt","55"
"Shem","551"
"Shen","552"
"Shep","553"
"Sher","554"
"Sherm","555"
"Sherr","556"
"Sherw","557"
"Shib","558"
"Shil","559"
"Ship","56"
"Shol","561"
"Shor","562"
"Shot","563"
"Shr","564"
"Shu","565"
"Sib","566"
"Sic","567"
"Sici","568"
"Sid","569"
"Side","57"
"Sidg","571"
"Sidn","572"
"Sie","573"
"Sien","574"
"Sig","575"
"Sil","576"
"Silo","577"
"Silva","578"
"Silva, C.","579"
"Silva, F.","58"
"Silva, L.","581"
"Silva, P.","582"
"Silva, R.","583"
"Silva, T.","584"
"Silvan","585"
"Silveira","586"
"Silveira, C.","587"
"Silveira, F.","588"
"Silveira, L.","589"
"Silveira, P.","59"
"Silveira, R.","591"
"Silver","592"
"Silves","593"
"Silvi","594"
"Sim","595"
"Simao","596"
"Simar","597"
"Simas","598"
"Sime","599"
"Simi","61"
"Simm","611"
"Simoes","612"
"Simoes, C.","613"
"Simoes, F.","614"
"Simoes, L.","615"
"Simoes, P.","616"
"Simoes, T.","617"
"Simon","618"
"Simoni","619"
"Simons","62"
"Simp","621"
"Sin","622"
"Since","623"
"Sing","624"
"Sino","625"
"Sip","626"
"Siq","627"
"Siqueira","628"
"Siqueira, C.","629"
"Siqueira, F.","63"
"Siqueira, L.","631"
"Siqueira, P.","632"
"Sir","633"
"Sire","634"
"Siro","635"
"Sis","636"
"Sit","637"
"Ska","638"
"Ski","639"
"Sla","64"
"Slat","641"
"Slee","642"
"Slo","643"
"Sma","644"
"Smi","645"
"Smith","646"
"Smith, L.","647"
"Smith, P.","648"
"Smith, T.","649"
"Sne","65"
"Sno","651"
"Soares","652"
"Soares, C.","653"
"Soares, F.","654"
"Soares, L.","655"
"Soares, P.","656"
"Soares, T.","657"
"Soav","658"
"Sob","659"
"Sobral","66"
"Sobral, M.","661"
"Soc","662"
"Sodre","663"
"Soe","664"
"Sog","665"
"Soi","666"
"Soko","667"
"Sola","668"
"Solan","669"
"Solar","67"
"Sole","671"
"Soler","672"
"Soli","673"
"Solli","674"
"Solt","675"
"Som","676"
"Some","677"
"Somi","678"
"Somm","679"
"Somo","68"
"Son","681"
"Sond","682"
"Sone","683"
"Sonk","684"
"Sonn","685"
"Sono","686"
"Sop","687"
"Sor","688"
"Sorb","689"
"Sore","69"
"Sori","691"
"Sorr","692"
"Sos","693"
"Soul","694"
"Sour","695"
"Sousa","696"
"Sousa, J.","697"
"Sousa, P.","698"
"South","699"
"Souto","71"
"Souv","711"
"Souvi","712"
"Souza","713"
"Souza, C.","714"
"Souza, F.","715"
"Souza, L.","716"
"Souza, P.","717"
"Souza, R.","718"
"Souza, T.","719"
"Spa","72"
"Spac","721"
"Spad","722"
"Spal","723"
"Span","724"
"Spao","725"
"Spar","726"
"Spe","727"
"Spee","728"
"Spen","729"
"Sperl","73"
"Spess","731"
"Spey","732"
"Spi","733"
"Spie","734"
"Spier","735"
"Spig","736"
"Spil","737"
"Spill","738"
"Spin","739"
"Spine","74"
"Spinol","741"
"Spinos","742"
"Spir","743"
"Spiro","744"
"Spiss","745"
"Spit","746"
"Spits","747"
"Sple","748"
"Spo","749"
"Spor","75"
"Spos","751"
"Spr","752"
"Spran","753"
"Spre","754"
"Sprin","755"
"Sprit","756"
"Sprov","757"
"Spru","758"
"Spu","759"
"Squa","76"
"Squar","761"
"Squi","762"
"Squil","763"
"Sra","764"
"Sre","765"
"Sro","766"
"Sru","767"
"Stab","768"
"Stabi","769"
"Stac","77"
"Stacc","771"
"Stach","772"
"Staci","773"
"Stad","774"
"Stadd","775"
"Stae","776"
"Staf","777"
"Stag","778"
"Stah","779"
"Stai","78"
"Stal","781"
"Stam","782"
"Stamat","783"
"Stamm","784"
"Stamp","785"
"Stampi","786"
"Stan","787"
"Stanc","788"
"Stand","789"
"Stanl","79"
"Stanley","791"
"Stans","792"
"Stap","793"
"Stapl","794"
"Star","795"
"Stare","796"
"Starr","797"
"Stas","798"
"Stat","799"
"Stau","81"
"Staub","811"
"Staud","812"
"Stauf","813"
"Staul","814"
"Staun","815"
"Staup","816"
"Staur","817"
"Staut","818"
"Stay","819"
"Ste","82"
"Stea","821"
"Steag","822"
"Stec","823"
"Sted","824"
"Stee","825"
"Steel","826"
"Stef","827"
"Stefani","828"
"Steff","829"
"Steg","83"
"Stei","831"
"Steil","832"
"Stein","833"
"Steinb","834"
"Steinbr","835"
"Steind","836"
"Steine","837"
"Steiner","838"
"Steinf","839"
"Steini","84"
"Steink","841"
"Steinl","842"
"Steinm","843"
"Stek","844"
"Stel","845"
"Stell","846"
"Stelz","847"
"Stem","848"
"Stemp","849"
"Sten","85"
"Steo","851"
"Step","852"
"Steph","853"
"Stephen","854"
"Stephens","855"
"Stephenson","856"
"Ster","857"
"Stern","858"
"Sternb","859"
"Sternf","86"
"Sternh","861"
"Sterz","862"
"Stes","863"
"Stet","864"
"Steu","865"
"Stev","866"
"Stevens","867"
"Stevenson","868"
"Steves","869"
"Stew","87"
"Stewart","871"
"Sti","872"
"Stic","873"
"Stie","874"
"Stil","875"
"Stin","876"
"Stir","877"
"Sto","878"
"Stoc","879"
"Stock","88"
"Stod","881"
"Stoe","882"
"Stok","883"
"Stol","884"
"Ston","885"
"Stop","886"
"Stor","887"
"Storn","888"
"Stra","889"
"Stran","89"
"Strat","891"
"Straus","892"
"Strauss","893"
"Straut","894"
"Stre","895"
"Stree","896"
"Strei","897"
"Stren","898"
"Stri","899"
"Stric","91"
"Strie","911"
"Strin","912"
"Stro","913"
"Stroe","914"
"Strom","915"
"Strong","916"
"Stru","917"
"Strum","918"
"Stu","919"
"Stuart","92"
"Stuc","921"
"Stud","922"
"Stuh","923"
"Stuk","924"
"Stul","925"
"Stum","926"
"Stup","927"
"Sturm","928"
"Stutt","929"
"Stux","93"
"Stuy","931"
"Sua","932"
"Suarez","933"
"Sub","934"
"Suc","935"
"Succ","936"
"Suce","937"
"Such","938"
"Sucup","939"
"Sud","94"
"Sue","941"
"Sues","942"
"Suf","943"
"Sug","944"
"Sugi","945"
"Sui","946"
"Sul","947"
"Sulei","948"
"Suli","949"
"Sult","95"
"Sulz","951"
"Sum","952"
"Summ","953"
"Sun","954"
"Suni","955"
"Sup","956"
"Supl","957"
"Sur","958"
"Suri","959"
"Surl","96"
"Surm","961"
"Sus","962"
"Suss","963"
"Sussk","964"
"Sussm","965"
"Sust","966"
"Suth","967"
"Suto","968"
"Sutter","969"
"Sutton","97"
"Suz","971"
"Suzu","972"
"Sv","973"
"Sve","974"
"Svi","975"
"Svo","976"
"Sw","977"
"Swe","978"
"Swi","979"
"Swin","98"
"Sy","981"
"Syd","982"
"Sydow","983"
"Syk","984"
"Sylos","985"
"Sym","986"
"Symo","987"
"Symp","988"
"Syn","989"
"Syr","99"
"Sz","991"
"Sze","992"
"Szi","993"
"Szn","994"
"Szp","995"
"Szt","996"
"Szte","997"
"Sztu","998"
"Szy","999"
"T","1"
"Tab","11"
"Tabac","111"
"Tabaci","112"
"Tabacin","113"
"Tabaco","114"
"Tabar","115"
"Tabe","116"
"Tabo","117"
"Tabor","118"
"Taby","119"
"Tac","12"
"Tace","121"
"Tach","122"
"Taci","123"
"Tacl","124"
"Tacq","125"
"Tad","126"
"Tadd","127"
"Tade","128"
"Tadi","129"
"Taff","13"
"Tafn","131"
"Tag","132"
"Tagen","133"
"Tagl","134"
"Tago","135"
"Tah","136"
"Tai","137"
"Tail","138"
"Tain","139"
"Tais","14"
"Taj","141"
"Tak","142"
"Take","143"
"Tal","144"
"Talan","145"
"Talar","146"
"Talb","147"
"Tale","148"
"Tali","149"
"Tall","15"
"Talle","151"
"Talli","152"
"Talo","153"
"Tam","154"
"Taman","155"
"Tamas","156"
"Tamass","157"
"Tamb","158"
"Tambe","159"
"Tambo","16"
"Tamei","161"
"Tamer","162"
"Tami","163"
"Taml","164"
"Tamp","165"
"Tan","166"
"Tanc","167"
"Tane","168"
"Tang","169"
"Tani","17"
"Tank","171"
"Tann","172"
"Tannu","173"
"Tans","174"
"Tapa","175"
"Tapi","176"
"Tapl","177"
"Tapo","178"
"Tapp","179"
"Tappan","18"
"Tappe","181"
"Taps","182"
"Taq","183"
"Tar","184"
"Taral","185"
"Taran","186"
"Tarb","187"
"Tarc","188"
"Tarde","189"
"Tardi","19"
"Tare","191"
"Targ","192"
"Tari","193"
"Tark","194"
"Tarn","195"
"Tarr","196"
"Tars","197"
"Tart","198"
"Tas","199"
"Tasi","21"
"Tasm","211"
"Tasse","212"
"Tassi","213"
"Tasso","214"
"Tat","215"
"Tate","216"
"Tato","217"
"Taton","218"
"Tats","219"
"Tau","22"
"Taub","221"
"Taul","222"
"Taun","223"
"Taup","224"
"Taur","225"
"Taus","226"
"Tav","227"
"Tavares","228"
"Tavares, C.","229"
"Tavares, F.","23"
"Tavares, L.","231"
"Tavares, P.","232"
"Tavares, R.","233"
"Tavei","234"
"Tavi","235"
"Tavo","236"
"Tavor","237"
"Taw","238"
"Tay","239"
"Taylor","24"
"Taylorl","241"
"Taylorr","242"
"Tch","243"
"Tche","244"
"Te","245"
"Tead","246"
"Teal","247"
"Tean","248"
"Teb","249"
"Tebe","25"
"Tec","251"
"Tech","252"
"Teck","253"
"Ted","254"
"Tedes","255"
"Tee","256"
"Teff","257"
"Teg","258"
"Tegr","259"
"Tei","26"
"Teic","261"
"Teil","262"
"Teim","263"
"Teixeira","264"
"Teixeira, C.","265"
"Teixeira, F.","266"
"Teixeira, L.","267"
"Teixeira, P.","268"
"Teixeira, R.","269"
"Teixeira, T.","27"
"Tej","271"
"Tel","272"
"Tell","273"
"Teller","274"
"Telles","275"
"Telles, M.","276"
"Telli","277"
"Tem","278"
"Temp","279"
"Templ","28"
"Ten","281"
"Tene","282"
"Teni","283"
"Tenn","284"
"Tenney","285"
"Teno","286"
"Tent","287"
"Teo","288"
"Teod","289"
"Teof","29"
"Tep","291"
"Tepe","292"
"Ter","293"
"Teren","294"
"Teres","295"
"Teri","296"
"Terl","297"
"Term","298"
"Tern","299"
"Terp","31"
"Terr","311"
"Terrag","312"
"Terrai","313"
"Terre","314"
"Terrel","315"
"Terri","316"
"Terrie","317"
"Terry","318"
"Ters","319"
"Tes","32"
"Tesc","321"
"Tess","322"
"Tessar","323"
"Tessi","324"
"Tessu","325"
"Test","326"
"Tet","327"
"Tett","328"
"Tetz","329"
"Teu","33"
"Teuc","331"
"Teul","332"
"Tev","333"
"Teve","334"
"Tew","335"
"Tex","336"
"Tey","337"
"Teys","338"
"Tez","339"
"Tha","34"
"Thac","341"
"Thad","342"
"Thaler","343"
"Tham","344"
"Than","345"
"Thar","346"
"That","347"
"Thau","348"
"Thay","349"
"The","35"
"Thei","351"
"Thel","352"
"Them","353"
"Theo","354"
"Theod","355"
"Theop","356"
"Ther","357"
"Therez","358"
"Thero","359"
"Thet","36"
"Theu","361"
"Thev","362"
"They","363"
"Thia","364"
"Thib","365"
"Thiel","366"
"Thiem","367"
"Thier","368"
"Thies","369"
"Thil","37"
"Thin","371"
"Thio","372"
"Thir","373"
"Thirl","374"
"This","375"
"Tho","376"
"Thoe","377"
"Thol","378"
"Thom","379"
"Thomas","38"
"Thomas, L.","381"
"Thomas, R.","382"
"Thomason","383"
"Thomaz","384"
"Thomaze","385"
"Thome","386"
"Thome, M.","387"
"Thomp","388"
"Thompson","389"
"Thompson, E.","39"
"Thompson, M.","391"
"Thompson, R.","392"
"Thompson, T.","393"
"Thoms","394"
"Thomse","395"
"Thomson","396"
"Thonn","397"
"Thons","398"
"Thor","399"
"Thord","41"
"Thore","411"
"Thorn","412"
"Thorne","413"
"Thornt","414"
"Thorp","415"
"Thort","416"
"Thorw","417"
"Thu","418"
"Thue","419"
"Thum","42"
"Thur","421"
"Thurn","422"
"Thury","423"
"Thw","424"
"Ti","425"
"Tiac","426"
"Tib","427"
"Tibe","428"
"Tibi","429"
"Tibiri","43"
"Tibl","431"
"Tiby","432"
"Tic","433"
"Tich","434"
"Tici","435"
"Tick","436"
"Tid","437"
"Tie","438"
"Tiel","439"
"Tien","44"
"Tiep","441"
"Tiepp","442"
"Tier","443"
"Tiet","444"
"Tietz","445"
"Tiez","446"
"Tif","447"
"Tig","448"
"Tii","449"
"Tij","45"
"Tik","451"
"Til","452"
"Tilc","453"
"Tild","454"
"Tile","455"
"Tilh","456"
"Tili","457"
"Tilk","458"
"Till","459"
"Tillai","46"
"Tillan","461"
"Tillar","462"
"Tille","463"
"Tillen","464"
"Tiller","465"
"Tilles","466"
"Tilli","467"
"Tilo","468"
"Tils","469"
"Tilss","47"
"Tilt","471"
"Tilton","472"
"Tim","473"
"Tima","474"
"Timb","475"
"Timbi","476"
"Timbs","477"
"Time","478"
"Times","479"
"Timi","48"
"Timm","481"
"Timo","482"
"Timp","483"
"Tims","484"
"Tin","485"
"Tinan","486"
"Tinar","487"
"Tinay","488"
"Tinc","489"
"Tind","49"
"Ting","491"
"Tinh","492"
"Tini","493"
"Tink","494"
"Tinr","495"
"Tins","496"
"Tint","497"
"Tio","498"
"Tip","499"
"Tir","51"
"Tirac","511"
"Tirap","512"
"Tirat","513"
"Tire","514"
"Tirel","515"
"Tiric","516"
"Tiro","517"
"Tirp","518"
"Tirs","519"
"Tis","52"
"Tisch","521"
"Tischn","522"
"Tise","523"
"Tisi","524"
"Tiss","525"
"Tisse","526"
"Tissi","527"
"Tisso","528"
"Tist","529"
"Tita","53"
"Titan","531"
"Titc","532"
"Tite","533"
"Tith","534"
"Titi","535"
"Titm","536"
"Titn","537"
"Tito","538"
"Tits","539"
"Titt","54"
"Titu","541"
"Titz","542"
"Tiu","543"
"Tiv","544"
"Tiz","545"
"Tj","546"
"Tju","547"
"Tka","548"
"Tl","549"
"To","55"
"Tob","551"
"Tobal","552"
"Tobar","553"
"Tobe","554"
"Tobi","555"
"Tobias","556"
"Tobl","557"
"Toble","558"
"Tobo","559"
"Toc","56"
"Tocal","561"
"Toce","562"
"Toch","563"
"Tock","564"
"Toco","565"
"Tod","566"
"Todar","567"
"Todd","568"
"Todes","569"
"Todh","57"
"Todi","571"
"Todo","572"
"Toe","573"
"Toel","574"
"Tof","575"
"Tog","576"
"Tok","577"
"Tol","578"
"Tole","579"
"Toledo","58"
"Toledo, C.","581"
"Toledo, F.","582"
"Toledo, L.","583"
"Toledo, P.","584"
"Toledo, R.","585"
"Toledo, T.","586"
"Tolen","587"
"Toles","588"
"Tolk","589"
"Toll","59"
"Toller","591"
"Tolley","592"
"Tolm","593"
"Tolman","594"
"Tolo","595"
"Tolosa","596"
"Toloza","597"
"Tolst","598"
"Tom","599"
"Toman","61"
"Tomas","611"
"Tomasi","612"
"Tomass","613"
"Tomassi","614"
"Tomasz","615"
"Tomb","616"
"Tombi","617"
"Tome","618"
"Toml","619"
"Tomm","62"
"Tommas","621"
"Tommasi","622"
"Tomo","623"
"Ton","624"
"Tond","625"
"Tone","626"
"Tong","627"
"Toni","628"
"Tonin","629"
"Tonio","63"
"Tono","631"
"Too","632"
"Top","633"
"Topi","634"
"Tor","635"
"Tore","636"
"Tori","637"
"Torn","638"
"Toro","639"
"Torq","64"
"Torr","641"
"Torre","642"
"Torres","643"
"Torres, C.","644"
"Torres, F.","645"
"Torres, L.","646"
"Torres, P.","647"
"Torres, R.","648"
"Torres, T.","649"
"Torri","65"
"Torro","651"
"Tors","652"
"Tort","653"
"Tos","654"
"Tosd","655"
"Tose","656"
"Tosi","657"
"Tosta","658"
"Toste","659"
"Tot","66"
"Toth","661"
"Toti","662"
"Tou","663"
"Toud","664"
"Toul","665"
"Tour","666"
"Touri","667"
"Tours","668"
"Tous","669"
"Tout","67"
"Tov","671"
"Town","672"
"Towne","673"
"Towns","674"
"Townsh","675"
"Toy","676"
"Toyn","677"
"Toz","678"
"Tozz","679"
"Tra","68"
"Trab","681"
"Trac","682"
"Tracy","683"
"Trad","684"
"Traf","685"
"Trai","686"
"Train","687"
"Traj","688"
"Trak","689"
"Tral","69"
"Trall","691"
"Tram","692"
"Tran","693"
"Trane","694"
"Trang","695"
"Trans","696"
"Trap","697"
"Trat","698"
"Trau","699"
"Traut","71"
"Trav","711"
"Travas","712"
"Traver","713"
"Tray","714"
"Traz","715"
"Tre","716"
"Tread","717"
"Treas","718"
"Treat","719"
"Tred","72"
"Tref","721"
"Trei","722"
"Trel","723"
"Treller","724"
"Trem","725"
"Tren","726"
"Trenc","727"
"Trene","728"
"Trent","729"
"Tres","73"
"Tresc","731"
"Tresm","732"
"Tress","733"
"Tresse","734"
"Treu","735"
"Trev","736"
"Trevel","737"
"Treves","738"
"Trevi","739"
"Trevo","74"
"Trey","741"
"Tri","742"
"Trial","743"
"Tric","744"
"Trice","745"
"Trie","746"
"Trig","747"
"Trigu","748"
"Tril","749"
"Trill","75"
"Trim","751"
"Trin","752"
"Trind","753"
"Trink","754"
"Trip","755"
"Tripp","756"
"Trit","757"
"Triv","758"
"Trivi","759"
"Tro","76"
"Troc","761"
"Troe","762"
"Trog","763"
"Troi","764"
"Trol","765"
"Trom","766"
"Tron","767"
"Trone","768"
"Troo","769"
"Trop","77"
"Tros","771"
"Trot","772"
"Trott","773"
"Trou","774"
"Troul","775"
"Trov","776"
"Trox","777"
"Troy","778"
"Troz","779"
"Tru","78"
"Truc","781"
"Truch","782"
"Trucy","783"
"True","784"
"Trueb","785"
"Truf","786"
"Trui","787"
"Truj","788"
"Trum","789"
"Trumb","79"
"Trume","791"
"Trun","792"
"Trup","793"
"Trus","794"
"Truss","795"
"Trut","796"
"Trutz","797"
"Trux","798"
"Truz","799"
"Try","81"
"Tsc","811"
"Tschai","812"
"Tsche","813"
"Tscho","814"
"Tschu","815"
"Tse","816"
"Tsi","817"
"Tso","818"
"Tsu","819"
"Tu","82"
"Tub","821"
"Tubi","822"
"Tuc","823"
"Tuce","824"
"Tuck","825"
"Tucker","826"
"Tud","827"
"Tuf","828"
"Tug","829"
"Tul","83"
"Tull","831"
"Tum","832"
"Tumb","833"
"Tume","834"
"Tun","835"
"Tung","836"
"Tunn","837"
"Tuo","838"
"Tuot","839"
"Tup","84"
"Tupi","841"
"Tur","842"
"Turan","843"
"Ture","844"
"Turg","845"
"Turi","846"
"Turk","847"
"Turm","848"
"Turn","849"
"Turnb","85"
"Turne","851"
"Turner","852"
"Turner, M.","853"
"Turney","854"
"Turnid","855"
"Turnu","856"
"Turnus","857"
"Turo","858"
"Turp","859"
"Turquia","86"
"Turquie","861"
"Turr","862"
"Turran","863"
"Turre","864"
"Turri","865"
"Turrin","866"
"Turris","867"
"Turse","868"
"Tursi","869"
"Tus","87"
"Tusc","871"
"Tusd","872"
"Tuse","873"
"Tusi","874"
"Tusm","875"
"Tuso","876"
"Tuss","877"
"Tust","878"
"Tusti","879"
"Tut","88"
"Tute","881"
"Tuth","882"
"Tuti","883"
"Tuto","884"
"Tutt","885"
"Tutte","886"
"Tutti","887"
"Tuttl","888"
"Tuttm","889"
"Tutto","89"
"Tuv","891"
"Tuve","892"
"Tuvi","893"
"Tuvio","894"
"Tuvo","895"
"Tux","896"
"Tuxen","897"
"Tuxi","898"
"Tuxo","899"
"Tuz","91"
"Tuzz","911"
"Tw","912"
"Twai","913"
"Twal","914"
"Twam","915"
"Twar","916"
"Twe","917"
"Twee","918"
"Twei","919"
"Twel","92"
"Twen","921"
"Twi","922"
"Twid","923"
"Twie","924"
"Twil","925"
"Twin","926"
"Twir","927"
"Twis","928"
"Twit","929"
"Twitc","93"
"Twitt","931"
"Two","932"
"Twoc","933"
"Twol","934"
"Twom","935"
"Twon","936"
"Twor","937"
"Twos","938"
"Twot","939"
"Twoy","94"
"Twy","941"
"Twyn","942"
"Twyne","943"
"Twyr","944"
"Twys","945"
"Twysc","946"
"Twysde","947"
"Twyt","948"
"Twyz","949"
"Ty","95"
"Tyac","951"
"Tyb","952"
"Tybo","953"
"Tyc","954"
"Tyce","955"
"Tych","956"
"Tyci","957"
"Tycl","958"
"Tyco","959"
"Tyd","96"
"Tyde","961"
"Tydei","962"
"Tydem","963"
"Tyder","964"
"Tydes","965"
"Tye","966"
"Tyes","967"
"Tyg","968"
"Tyi","969"
"Tyk","97"
"Tyl","971"
"Tyler","972"
"Tyles","973"
"Tylor","974"
"Tym","975"
"Tyn","976"
"Tynd","977"
"Tyne","978"
"Tyner","979"
"Tyo","98"
"Typ","981"
"Tyr","982"
"Tyre","983"
"Tyres","984"
"Tyri","985"
"Tyro","986"
"Tys","987"
"Tysk","988"
"Tyss","989"
"Tyt","99"
"Tyte","991"
"Tyti","992"
"Tytl","993"
"Tyto","994"
"Tza","995"
"Tze","996"
"Tzi","997"
"Tzir","998"
"Tzo","999"
"U","1"
"Ua","11"
"Uba","12"
"Ubal","13"
"Ube","14"
"Ubi","15"
"Ucc","16"
"Uce","17"
"Uch","18"
"Uchoa","19"
"Ud","21"
"Udl","22"
"Ue","23"
"Uel","24"
"Uen","25"
"Uga","26"
"Ugl","27"
"Ugol","28"
"Ugr","29"
"Uhl","31"
"Uib","32"
"Ulb","33"
"Ulhoa","34"
"Uli","35"
"Ulis","36"
"Ull","37"
"Ulm","38"
"Ulp","39"
"Ulr","41"
"Uls","42"
"Umb","43"
"Und","44"
"Une","45"
"Ung","46"
"Ungar","47"
"Unge","48"
"Ungl","49"
"Univ","51"
"Unt","52"
"Unter","53"
"Unti","54"
"Unw","55"
"Unz","56"
"Upj","57"
"Upt","58"
"Ura","59"
"Uran","61"
"Urb","62"
"Urban","63"
"Urbani","64"
"Urbano","65"
"Urbi","66"
"Urc","67"
"Ure","68"
"Uren","69"
"Ures","71"
"Uri","72"
"Urios","73"
"Urn","74"
"Uro","75"
"Urp","76"
"Urq","77"
"Urr","78"
"Urs","79"
"Urso","81"
"Ursz","82"
"Usa","83"
"Ush","84"
"Usm","85"
"Usp","86"
"Usu","87"
"Usz","88"
"Ut","89"
"Utch","91"
"Ute","92"
"Uth","93"
"Uti","94"
"Utr","95"
"Uv","96"
"Uw","97"
"Uy","98"
"Uz","99"
"V","1"
"Va","11"
"Vaa","111"
"Vab","112"
"Vabe","113"
"Vabi","114"
"Vabl","115"
"Vabn","116"
"Vabo","117"
"Vabr","118"
"Vabu","119"
"Vac","12"
"Vacai","121"
"Vacan","122"
"Vacar","123"
"Vacc","124"
"Vaccai","125"
"Vaccan","126"
"Vaccar","127"
"Vaccari","128"
"Vaccaro","129"
"Vacch","13"
"Vacchi","131"
"Vacco","132"
"Vace","133"
"Vach","134"
"Vache","135"
"Vacher","136"
"Vachet","137"
"Vachi","138"
"Vachin","139"
"Vacho","14"
"Vaco","141"
"Vad","142"
"Vadal","143"
"Vadas","144"
"Vade","145"
"Vader","146"
"Vadi","147"
"Vadie","148"
"Vadil","149"
"Vadin","15"
"Vadir","151"
"Vadis","152"
"Vae","153"
"Vaec","154"
"Vaed","155"
"Vaef","156"
"Vaeg","157"
"Vael","158"
"Vaen","159"
"Vaer","16"
"Vaes","161"
"Vaet","162"
"Vaf","163"
"Vafe","164"
"Vafi","165"
"Vafl","166"
"Vafo","167"
"Vafor","168"
"Vafu","169"
"Vag","17"
"Vagal","171"
"Vagan","172"
"Vagar","173"
"Vage","174"
"Vagen","175"
"Vagl","176"
"Vagli","177"
"Vagn","178"
"Vagni","179"
"Vago","18"
"Vagon","181"
"Vagu","182"
"Vah","183"
"Vahl","184"
"Vahr","185"
"Vahre","186"
"Vahri","187"
"Vahro","188"
"Vahru","189"
"Vahs","19"
"Vai","191"
"Vaian","192"
"Vaid","193"
"Vaide","194"
"Vaider","195"
"Vaie","196"
"Vail","197"
"Vailen","198"
"Vainer","199"
"Vaini","21"
"Vaio","211"
"Vair","212"
"Vais","213"
"Vaiss","214"
"Vait","215"
"Vaiz","216"
"Vaj","217"
"Vajd","218"
"Vaje","219"
"Vaji","22"
"Vajo","221"
"Vaju","222"
"Vak","223"
"Vake","224"
"Vaken","225"
"Vaki","226"
"Vakir","227"
"Vako","228"
"Vaky","229"
"Val","23"
"Valm","231"
"Valad","232"
"Valae","233"
"Valar","234"
"Valb","235"
"Valc","236"
"Vald","237"
"Valdes","238"
"Valdez","239"
"Valdi","24"
"Valdis","241"
"Valdo","242"
"Vale","243"
"Valei","244"
"Valej","245"
"Valen","246"
"Valenc","247"
"Valence","248"
"Valente","249"
"Valente, M.","25"
"Valenti","251"
"Valentin","252"
"Valer","253"
"Valeri","254"
"Valerin","255"
"Valerio","256"
"Valery","257"
"Valey","258"
"Valf","259"
"Valh","26"
"Vali","261"
"Valian","262"
"Valie","263"
"Valier","264"
"Valil","265"
"Valim","266"
"Valin","267"
"Valio","268"
"Valk","269"
"Vall","27"
"Vallad","271"
"Valladar","272"
"Valle","273"
"Valler","274"
"Valles","275"
"Valley","276"
"Vallim","277"
"Vallin","278"
"Vallo","279"
"Valls","28"
"Vally","281"
"Valn","282"
"Valo","283"
"Valon","284"
"Valor","285"
"Valt","286"
"Valu","287"
"Valv","288"
"Valvas","289"
"Valve","29"
"Vam","291"
"Vamb","292"
"Vame","293"
"Vami","294"
"Vamo","295"
"Vamp","296"
"Van","297"
"Vanac","298"
"Vanal","299"
"Vanb","31"
"Vance","311"
"Vanci","312"
"Vanco","313"
"Vand","314"
"Vande","315"
"Vandi","316"
"Vando","317"
"Vandor","318"
"Vandy","319"
"Vane","32"
"Vanet","321"
"Vang","322"
"Vanh","323"
"Vanha","324"
"Vanhe","325"
"Vanher","326"
"Vanhi","327"
"Vanho","328"
"Vanhol","329"
"Vani","33"
"Vanic","331"
"Vanin","332"
"Vanir","333"
"Vank","334"
"Vanl","335"
"Vanle","336"
"Vanler","337"
"Vanli","338"
"Vanlo","339"
"Vanm","34"
"Vann","341"
"Vanni","342"
"Vanno","343"
"Vanon","344"
"Vanos","345"
"Vanost","346"
"Vanostr","347"
"Vanp","348"
"Vanq","349"
"Vanr","35"
"Vanre","351"
"Vanren","352"
"Vanres","353"
"Vanress","354"
"Vanri","355"
"Vanro","356"
"Vans","357"
"Vanse","358"
"Vansen","359"
"Vansi","36"
"Vansin","361"
"Vansl","362"
"Vanso","363"
"Vanson","364"
"Vanss","365"
"Vanssi","366"
"Vant","367"
"Vanti","368"
"Vantr","369"
"Vantri","37"
"Vanu","371"
"Vanuc","372"
"Vanv","373"
"Vanval","374"
"Vanve","375"
"Vanver","376"
"Vanvi","377"
"Vanvin","378"
"Vanvo","379"
"Vanw","38"
"Vanwe","381"
"Vanyl","382"
"Vanyr","383"
"Vanze","384"
"Vanzer","385"
"Vanzi","386"
"Vanzin","387"
"Vanzo","388"
"Vanzu","389"
"Vao","39"
"Vaol","391"
"Vap","392"
"Vape","393"
"Vapi","394"
"Vapo","395"
"Vaq","396"
"Vaque","397"
"Vaquero","398"
"Vaques","399"
"Var","41"
"Varad","411"
"Varai","412"
"Varam","413"
"Varan","414"
"Varani","415"
"Varc","416"
"Vare","417"
"Varej","418"
"Varel","419"
"Varella","42"
"Varella, M.","421"
"Varello","422"
"Varen","423"
"Varet","424"
"Varga","425"
"Vargas","426"
"Varga, M.","427"
"Varge","428"
"Vargi","429"
"Vari","43"
"Varn","431"
"Varnh","432"
"Varo","433"
"Varol","434"
"Varot","435"
"Varr","436"
"Varre","437"
"Varren","438"
"Varri","439"
"Varro","44"
"Vart","441"
"Varti","442"
"Varz","443"
"Vas","444"
"Vasco","445"
"Vasconcellos","446"
"Vasconcellos, F.","447"
"Vasconcellos, L.","448"
"Vasconcellos, R.","449"
"Vasconcelos","45"
"Vasconcelos, M.","451"
"Vasconi","452"
"Vasel","453"
"Vasen","454"
"Vaser","455"
"Vasi","456"
"Vasil","457"
"Vaso","458"
"Vason","459"
"Vasp","46"
"Vasq","461"
"Vasques","462"
"Vasquez","463"
"Vass","464"
"Vassal","465"
"Vassel","466"
"Vasser","467"
"Vassi","468"
"Vassil","469"
"Vassim","47"
"Vasso","471"
"Vassou","472"
"Vast","473"
"Vaste","474"
"Vasz","475"
"Vata","476"
"Vate","477"
"Vater","478"
"Vati","479"
"Vato","48"
"Vats","481"
"Vau","482"
"Vaud","483"
"Vaug","484"
"Vaul","485"
"Vaum","486"
"Vaut","487"
"Vautier","488"
"Vaux","489"
"Vav","49"
"Vavi","491"
"Vaw","492"
"Vay","493"
"Vays","494"
"Vaz","495"
"Vaz, L.","496"
"Vaz, R.","497"
"Vazquez","498"
"Vazz","499"
"Ve","51"
"Veal","511"
"Vean","512"
"Veb","513"
"Vebl","514"
"Vec","515"
"Vecchi","516"
"Vecchio","517"
"Vech","518"
"Veck","519"
"Ved","52"
"Vedi","521"
"Vedo","522"
"Vedr","523"
"Vee","524"
"Vega","525"
"Vegn","526"
"Vei","527"
"Veiga","528"
"Veiga, L.","529"
"Veiga, R.","53"
"Veil","531"
"Vein","532"
"Veit","533"
"Vej","534"
"Vel","535"
"Velar","536"
"Velas","537"
"Velasco","538"
"Velasques","539"
"Velasquez","54"
"Velc","541"
"Veld","542"
"Vele","543"
"Velez","544"
"Velho","545"
"Veli","546"
"Velk","547"
"Vella","548"
"Vellar","549"
"Velli","55"
"Vello","551"
"Velloso","552"
"Velloso, M.","553"
"Vellu","554"
"Veloso","555"
"Vels","556"
"Velt","557"
"Velu","558"
"Velz","559"
"Ven","56"
"Venan","561"
"Vence","562"
"Venci","563"
"Venco","564"
"Vend","565"
"Vende","566"
"Vendi","567"
"Vendo","568"
"Vendr","569"
"Veneg","57"
"Venet","571"
"Veni","572"
"Venn","573"
"Venne","574"
"Veno","575"
"Vent","576"
"Venta","577"
"Ventura","578"
"Venture","579"
"Venturi","58"
"Vera","581"
"Veral","582"
"Veran","583"
"Veras","584"
"Verb","585"
"Verc","586"
"Vercel","587"
"Verces","588"
"Vercia","589"
"Verd","59"
"Verdas","591"
"Verde","592"
"Verder","593"
"Verdi","594"
"Verdier","595"
"Verdu","596"
"Verdur","597"
"Verei","598"
"Verga","599"
"Vergam","61"
"Vergan","611"
"Vergana","612"
"Verge","613"
"Vergno","614"
"Vergo","615"
"Vergueiro","616"
"Vergueiro, M.","617"
"Veri","618"
"Veriss","619"
"Verl","62"
"Verm","621"
"Vermel","622"
"Vernas","623"
"Verne","624"
"Vernes","625"
"Verneu","626"
"Verni","627"
"Vero","628"
"Veron","629"
"Verone","63"
"Veronesi","631"
"Veroni","632"
"Verot","633"
"Verp","634"
"Verr","635"
"Verre","636"
"Verri","637"
"Verril","638"
"Verro","639"
"Verru","64"
"Vers","641"
"Versi","642"
"Vert","643"
"Veru","644"
"Verw","645"
"Ves","646"
"Vesc","647"
"Vese","648"
"Vesp","649"
"Vespo","65"
"Vespu","651"
"Vessel","652"
"Vessi","653"
"Vesso","654"
"Vest","655"
"Vete","656"
"Veti","657"
"Veto","658"
"Vett","659"
"Vetu","66"
"Vex","661"
"Vey","662"
"Vez","663"
"Vi","664"
"Viad","665"
"Vial","666"
"Viana","667"
"Viana, M.","668"
"Viani","669"
"Vianna","67"
"Vianna, L.","671"
"Vianna, R.","672"
"Viat","673"
"Viau","674"
"Vib","675"
"Vibr","676"
"Vic","677"
"Vicc","678"
"Vice","679"
"Vicene","68"
"Vicente","681"
"Vicenti","682"
"Vicenz","683"
"Vichi","684"
"Vico","685"
"Victor","686"
"Victore","687"
"Victori","688"
"Vicu","689"
"Vida","69"
"Vidal","691"
"Vidal, M.","692"
"Vide","693"
"Videi","694"
"Vidigal","695"
"Vidigal, M.","696"
"Vidil","697"
"Vido","698"
"Vidr","699"
"Vidu","71"
"Vie","711"
"Viegas","712"
"Vieira","713"
"Vieira, C.","714"
"Vieira, F.","715"
"Vieira, L.","716"
"Vieira, P.","717"
"Vieira, R.","718"
"Vieira, T.","719"
"Vieit","72"
"Vier","721"
"Vies","722"
"Viet","723"
"Viett","724"
"Vieu","725"
"Viey","726"
"Vieyr","727"
"Vif","728"
"Vig","729"
"Vige","73"
"Vigg","731"
"Viggi","732"
"Vigh","733"
"Vigi","734"
"Vigl","735"
"Vign","736"
"Vigne","737"
"Vigni","738"
"Vigno","739"
"Vigny","74"
"Vigor","741"
"Vigr","742"
"Vik","743"
"Vila","744"
"Vilaca","745"
"Vilan","746"
"Vilar","747"
"Vilard","748"
"Vilares","749"
"Vilari","75"
"Vilarinho","751"
"Vilas","752"
"Vilb","753"
"Vild","754"
"Vilela","755"
"Vilella","756"
"Vilhe","757"
"Vilhen","758"
"Villa","759"
"Villa, C.","76"
"Villa, F.","761"
"Villa, M.","762"
"Villa, R.","763"
"Villab","764"
"Villaca","765"
"Villae","766"
"Villal","767"
"Villam","768"
"Villan","769"
"Villano","77"
"Villar","771"
"Villardo","772"
"Villares","773"
"Villari","774"
"Villaro","775"
"Villas","776"
"Villav","777"
"Ville","778"
"Villeg","779"
"Villela","78"
"Villela, M.","781"
"Villi","782"
"Villon","783"
"Viln","784"
"Vin","785"
"Vinc","786"
"Vinci","787"
"Vincit","788"
"Vind","789"
"Vine","79"
"Vino","791"
"Viol","792"
"Violi","793"
"Violle","794"
"Viot","795"
"Viott","796"
"Vip","797"
"Viq","798"
"Vir","799"
"Virg","81"
"Virn","811"
"Vis","812"
"Visar","813"
"Visc","814"
"Vise","815"
"Vish","816"
"Viso","817"
"Viss","818"
"Vit","819"
"Vital","82"
"Vitale","821"
"Vitali","822"
"Vitar","823"
"Vitel","824"
"Viter","825"
"Vitie","826"
"Vito","827"
"Vitor","828"
"Vitr","829"
"Vitt","83"
"Vitto","831"
"Vittor","832"
"Vittu","833"
"Vitu","834"
"Vitul","835"
"Vitus","836"
"Vituzz","837"
"Vivace","838"
"Vival","839"
"Vivan","84"
"Vive","841"
"Vivei","842"
"Vivia","843"
"Vivo","844"
"Vivol","845"
"Vivon","846"
"Viz","847"
"Vize","848"
"Vizz","849"
"Vla","85"
"Vlad","851"
"Vlan","852"
"Vle","853"
"Vli","854"
"Vlo","855"
"Vo","856"
"Voc","857"
"Voce","858"
"Vock","859"
"Vod","86"
"Vodo","861"
"Voe","862"
"Voel","863"
"Voen","864"
"Vog","865"
"Voga","866"
"Voge","867"
"Vogel","868"
"Vogl","869"
"Vogle","87"
"Vogls","871"
"Vogt","872"
"Vogu","873"
"Voi","874"
"Voig","875"
"Voil","876"
"Voin","877"
"Voip","878"
"Voir","879"
"Voit","88"
"Voiv","881"
"Voj","882"
"Voje","883"
"Vojn","884"
"Vol","885"
"Volan","886"
"Volas","887"
"Volc","888"
"Vole","889"
"Voli","89"
"Volk","891"
"Volkm","892"
"Volko","893"
"Volks","894"
"Voll","895"
"Volp","896"
"Volpi","897"
"Vols","898"
"Volt","899"
"Vona","91"
"Vonb","911"
"Vonc","912"
"Vone","913"
"Vong","914"
"Vonh","915"
"Vonk","916"
"Vonm","917"
"Vono","918"
"Vonr","919"
"Vons","92"
"Voo","921"
"Vop","922"
"Vor","923"
"Vorl","924"
"Voro","925"
"Vorr","926"
"Vorre","927"
"Vos","928"
"Vose","929"
"Vosen","93"
"Vosi","931"
"Vosk","932"
"Vosm","933"
"Vosn","934"
"Vosni","935"
"Voss","936"
"Vosse","937"
"Vossl","938"
"Vost","939"
"Vot","94"
"Vote","941"
"Voti","942"
"Voto","943"
"Vott","944"
"Votte","945"
"Votti","946"
"Votto","947"
"Vou","948"
"Voul","949"
"Voulo","95"
"Vour","951"
"Vous","952"
"Vov","953"
"Voy","954"
"Voz","955"
"Voze","956"
"Vozz","957"
"Vozzi","958"
"Vozzo","959"
"Vra","96"
"Vrac","961"
"Vran","962"
"Vras","963"
"Vre","964"
"Vree","965"
"Vret","966"
"Vri","967"
"Vrie","968"
"Vro","969"
"Vrol","97"
"Vroy","971"
"Vru","972"
"Vu","973"
"Vue","974"
"Vui","975"
"Vuil","976"
"Vuill","977"
"Vuk","978"
"Vul","979"
"Vulc","98"
"Vulcan","981"
"Vulcar","982"
"Vull","983"
"Vulp","984"
"Vult","985"
"Vun","986"
"Vuo","987"
"Vup","988"
"Vur","989"
"Vut","99"
"Vuy","991"
"Vy","992"
"Vyb","993"
"Vye","994"
"Vyn","995"
"Vyp","996"
"Vyr","997"
"Vys","998"
"Vyt","999"
"W","1"
"Wa","11"
"Wab","111"
"Wace","112"
"Wach","113"
"Wache","114"
"Wacho","115"
"Wacht","116"
"Wack","117"
"Wacker","118"
"Wacl","119"
"Wad","12"
"Wadd","121"
"Wade","122"
"Wadi","123"
"Wadin","124"
"Wadt","125"
"Wady","126"
"Wae","127"
"Wael","128"
"Waele","129"
"Waen","13"
"Waet","131"
"Wag","132"
"Wage","133"
"Wagm","134"
"Wagn","135"
"Wagner","136"
"Wagner, L.","137"
"Wagner, R.","138"
"Wah","139"
"Wahi","14"
"Wahl","141"
"Wahr","142"
"Wai","143"
"Waic","144"
"Waid","145"
"Wail","146"
"Waim","147"
"Wain","148"
"Wainer","149"
"Wainm","15"
"Wains","151"
"Wainst","152"
"Wais","153"
"Waish","154"
"Waism","155"
"Waiss","156"
"Wait","157"
"Waiu","158"
"Waje","159"
"Wajm","16"
"Wajs","161"
"Wak","162"
"Waker","163"
"Wal","164"
"Wald","165"
"Walde","166"
"Walder","167"
"Waldir","168"
"Waldm","169"
"Waldn","17"
"Waldo","171"
"Walds","172"
"Wale","173"
"Walen","174"
"Walf","175"
"Walg","176"
"Wali","177"
"Walk","178"
"Wall","179"
"Walle","18"
"Waller","181"
"Wallers","182"
"Walli","183"
"Wallig","184"
"Wallin","185"
"Wallis","186"
"Walln","187"
"Waln","188"
"Walr","189"
"Wals","19"
"Walt","191"
"Walter","192"
"Walter, M.","193"
"Walth","194"
"Waltm","195"
"Waltn","196"
"Walton","197"
"Walu","198"
"Wam","199"
"Wan","21"
"Wanc","211"
"Wand","212"
"Wander","213"
"Wanderl","214"
"Wanderley","215"
"Wandk","216"
"Wane","217"
"Wang","218"
"Wans","219"
"Wansb","22"
"Wanst","221"
"Wao","222"
"Wap","223"
"Wapp","224"
"Waps","225"
"Waq","226"
"War","227"
"Warb","228"
"Warc","229"
"Warchv","23"
"Warcm","231"
"Ward","232"
"Warde","233"
"Ware","234"
"Ware, M.","235"
"Warh","236"
"Wari","237"
"Wark","238"
"Warl","239"
"Warm","24"
"Warme","241"
"Warn","242"
"Warne","243"
"Warnec","244"
"Warnech","245"
"Warneck","246"
"Warner","247"
"Warner, M.","248"
"Warp","249"
"Warpi","25"
"Warr","251"
"Warren","252"
"Warren, L.","253"
"Warren, R.","254"
"Warri","255"
"Warrin","256"
"Warring","257"
"Warro","258"
"Warron","259"
"Wars","26"
"Warse","261"
"Warst","262"
"Warsz","263"
"Wart","264"
"Warte","265"
"Warti","266"
"Wartm","267"
"Waru","268"
"Warv","269"
"Warw","27"
"Was","271"
"Wase","272"
"Waser","273"
"Wash","274"
"Washb","275"
"Washington","276"
"Washington, L.","277"
"Washis","278"
"Washiz","279"
"Wasi","28"
"Wasim","281"
"Waso","282"
"Wass","283"
"Wassal","284"
"Wasse","285"
"Wasser","286"
"Wasserm","287"
"Wassi","288"
"Wassit","289"
"Wassm","29"
"Wasso","291"
"Wat","292"
"Watag","293"
"Watan","294"
"Watar","295"
"Wate","296"
"Water","297"
"Waterl","298"
"Waterm","299"
"Waterman","31"
"Watermann","311"
"Waters","312"
"Waters, M.","313"
"Watf","314"
"Watfe","315"
"Watfi","316"
"Watfin","317"
"Wath","318"
"Wathi","319"
"Watk","32"
"Watker","321"
"Watki","322"
"Watkin","323"
"Watkins","324"
"Watl","325"
"Watm","326"
"Watman","327"
"Watn","328"
"Watner","329"
"Wats","33"
"Watsen","331"
"Watson","332"
"Watson, M.","333"
"Watss","334"
"Watssen","335"
"Watssi","336"
"Watssin","337"
"Watsso","338"
"Watsu","339"
"Watt","34"
"Watte","341"
"Wattel","342"
"Watten","343"
"Watter","344"
"Wattes","345"
"Watti","346"
"Wattin","347"
"Watto","348"
"Watton","349"
"Watts","35"
"Watu","351"
"Watz","352"
"Watze","353"
"Watzi","354"
"Watzm","355"
"Wau","356"
"Waue","357"
"Waun","358"
"Waur","359"
"Waut","36"
"Wauv","361"
"Waw","362"
"Wawe","363"
"Wawel","364"
"Wax","365"
"Way","366"
"Waye","367"
"Wayl","368"
"Waym","369"
"Wayn","37"
"Wayt","371"
"Wayz","372"
"We","373"
"Weac","374"
"Weal","375"
"Weale","376"
"Wear","377"
"Weat","378"
"Weath","379"
"Web","38"
"Webb","381"
"Weber","382"
"Weber, M.","383"
"Webm","384"
"Webme","385"
"Webr","386"
"Webs","387"
"Webster","388"
"Webster, M.","389"
"Wec","39"
"Wech","391"
"Weche","392"
"Wechel","393"
"Weck","394"
"Weckel","395"
"Weckl","396"
"Wecks","397"
"Wed","398"
"Weder","399"
"Weds","41"
"Wee","411"
"Weed","412"
"Weeg","413"
"Weel","414"
"Weem","415"
"Weer","416"
"Wees","417"
"Weet","418"
"Wef","419"
"Wefe","42"
"Weff","421"
"Weg","422"
"Wege","423"
"Wegm","424"
"Wegn","425"
"Weh","426"
"Wehner","427"
"Wehp","428"
"Wei","429"
"Weib","43"
"Weich","431"
"Weick","432"
"Weid","433"
"Weif","434"
"Weig","435"
"Weige","436"
"Weigl","437"
"Weij","438"
"Weil","439"
"Weilan","44"
"Weiler","441"
"Weill","442"
"Wein","443"
"Weiner","444"
"Weinf","445"
"Weing","446"
"Weinh","447"
"Weinm","448"
"Weins","449"
"Weinst","45"
"Weintr","451"
"Weis","452"
"Weise","453"
"Weisen","454"
"Weiser","455"
"Weiss","456"
"Weissb","457"
"Weissen","458"
"Weisser","459"
"Weissi","46"
"Weisz","461"
"Weiszb","462"
"Weiszf","463"
"Weit","464"
"Weite","465"
"Weitm","466"
"Weitz","467"
"Weiz","468"
"Wel","469"
"Welb","47"
"Welch","471"
"Welck","472"
"Weld","473"
"Weldin","474"
"Welin","475"
"Welk","476"
"Well","477"
"Welli","478"
"Wellis","479"
"Wello","48"
"Wellst","481"
"Welp","482"
"Wels","483"
"Welt","484"
"Weltm","485"
"Welto","486"
"Welts","487"
"Wem","488"
"Wemi","489"
"Wemo","49"
"Wemy","491"
"Wen","492"
"Wenc","493"
"Wend","494"
"Wendel","495"
"Wender","496"
"Wendl","497"
"Wends","498"
"Weng","499"
"Weni","51"
"Wenk","511"
"Wentz","512"
"Wenz","513"
"Weo","514"
"Wep","515"
"Wer","516"
"Werd","517"
"Werdi","518"
"Were","519"
"Werg","52"
"Weri","521"
"Werl","522"
"Wern","523"
"Werneck","524"
"Werner","525"
"Werni","526"
"Werns","527"
"Werth","528"
"Werther","529"
"Wes","53"
"Wesc","531"
"Wese","532"
"Wesen","533"
"Wess","534"
"Wessel","535"
"Wessely","536"
"West","537"
"Westen","538"
"Wester","539"
"Westin","54"
"Westing","541"
"Westm","542"
"Weston","543"
"Westp","544"
"Westr","545"
"Wet","546"
"Weth","547"
"Wether","548"
"Wett","549"
"Wetter","55"
"Wetts","551"
"Wetz","552"
"Wetzel","553"
"Wev","554"
"Wew","555"
"Wex","556"
"Wey","557"
"Weyd","558"
"Weye","559"
"Weyg","56"
"Weyl","561"
"Weyr","562"
"Weys","563"
"Wha","564"
"Whal","565"
"Whar","566"
"Whart","567"
"Wharton","568"
"Wheath","569"
"Wheatl","57"
"Wheeler","571"
"Wheeler, M.","572"
"Wheelf","573"
"Whel","574"
"Whelp","575"
"Whin","576"
"Whip","577"
"Whis","578"
"Whisky","579"
"Whist","58"
"Whit","581"
"Whitaker","582"
"Whitaker, M.","583"
"Whitb","584"
"White","585"
"White, M.","586"
"Whitehe","587"
"Whitei","588"
"Whitel","589"
"Whiteley","59"
"Whith","591"
"Whitl","592"
"Whitm","593"
"Whitme","594"
"Whitmo","595"
"Whitney","596"
"Whito","597"
"Whiton","598"
"Whitt","599"
"Whittak","61"
"Whittakic","611"
"Whittakie","612"
"Whittaks","613"
"Who","614"
"Whoe","615"
"Whon","616"
"Whow","617"
"Whyte","618"
"Whyte, M.","619"
"Wia","62"
"Wib","621"
"Wich","622"
"Wichan","623"
"Wicher","624"
"Wichm","625"
"Wick","626"
"Wicke","627"
"Wid","628"
"Widd","629"
"Wide","63"
"Wider","631"
"Widm","632"
"Widman","633"
"Widmer","634"
"Widner","635"
"Wiech","636"
"Wieck","637"
"Wied","638"
"Wieden","639"
"Wieg","64"
"Wiege","641"
"Wiel","642"
"Wieli","643"
"Wielm","644"
"Wiem","645"
"Wien","646"
"Wies","647"
"Wieser","648"
"Wiesi","649"
"Wiesn","65"
"Wiest","651"
"Wig","652"
"Wigg","653"
"Wigger","654"
"Wiggn","655"
"Wih","656"
"Wij","657"
"Wil","658"
"Wilch","659"
"Wilco","66"
"Wild","661"
"Wilde","662"
"Wilden","663"
"Wilder","664"
"Wildr","665"
"Wile","666"
"Wilg","667"
"Wilh","668"
"Wilk","669"
"Wilkea","67"
"Wilkens","671"
"Wilkenson","672"
"Wilker","673"
"Wilkes","674"
"Wilkey","675"
"Wilkins","676"
"Will","677"
"Willam","678"
"Willan","679"
"Willar","68"
"Willc","681"
"Wille","682"
"Willem","683"
"Willer","684"
"Willet","685"
"Willey","686"
"Willi","687"
"William","688"
"Williams","689"
"Williams, L.","69"
"Williams, P.","691"
"Williamsb","692"
"Williamson","693"
"Willie","694"
"Willig","695"
"Willigs","696"
"Willk","697"
"Willki","698"
"Willko","699"
"Willks","71"
"Willm","711"
"Willn","712"
"Willo","713"
"Wills","714"
"Willy","715"
"Wilm","716"
"Wiln","717"
"Wils","718"
"Wilson","719"
"Wilson, L.","72"
"Wilson, R.","721"
"Wilt","722"
"Wilton","723"
"Wilts","724"
"Wily","725"
"Wim","726"
"Wimm","727"
"Wimp","728"
"Win","729"
"Winc","73"
"Winck","731"
"Wind","732"
"Windh","733"
"Windi","734"
"Winds","735"
"Wine","736"
"Winf","737"
"Winge","738"
"Wink","739"
"Winkl","74"
"Winks","741"
"Winni","742"
"Wins","743"
"Winsor","744"
"Winter","745"
"Winterb","746"
"Wintert","747"
"Winth","748"
"Winto","749"
"Winw","75"
"Wio","751"
"Wip","752"
"Wir","753"
"Wiren","754"
"Wirk","755"
"Wirs","756"
"Wirta","757"
"Wirte","758"
"Wirth","759"
"Wirz","76"
"Wis","761"
"Wisc","762"
"Wise","763"
"Wiseh","764"
"Wisele","765"
"Wisen","766"
"Wises","767"
"Wisg","768"
"Wisi","769"
"Wisl","77"
"Wism","771"
"Wisn","772"
"Wiss","773"
"Wisse","774"
"Wisst","775"
"Wist","776"
"Wit","777"
"With","778"
"Wither","779"
"Withi","78"
"Witi","781"
"Wits","782"
"Witsc","783"
"Witt","784"
"Witte","785"
"Wittg","786"
"Witth","787"
"Witti","788"
"Wittk","789"
"Wittm","79"
"Wittn","791"
"Wittr","792"
"Witts","793"
"Witz","794"
"Wiu","795"
"Wiz","796"
"Wla","797"
"Wlan","798"
"Wlas","799"
"Wo","81"
"Wob","811"
"Woc","812"
"Woch","813"
"Wod","814"
"Woden","815"
"Wodi","816"
"Wodin","817"
"Wodr","818"
"Wods","819"
"Woe","82"
"Woen","821"
"Woes","822"
"Wog","823"
"Wohl","824"
"Wohls","825"
"Woil","826"
"Wois","827"
"Woj","828"
"Wojt","829"
"Wol","83"
"Wolac","831"
"Wolak","832"
"Wolan","833"
"Wold","834"
"Woldm","835"
"Wolf","836"
"Wolf, M.","837"
"Wolff","838"
"Wolff, M.","839"
"Wolfg","84"
"Wolfl","841"
"Wolh","842"
"Wolk","843"
"Woll","844"
"Wollm","845"
"Wolln","846"
"Wolo","847"
"Wolt","848"
"Wolter","849"
"Wom","85"
"Won","851"
"Wong","852"
"Wood","853"
"Woodb","854"
"Woode","855"
"Woodf","856"
"Woodh","857"
"Woodm","858"
"Woodr","859"
"Woods","86"
"Wool","861"
"Woole","862"
"Woolly","863"
"Woolm","864"
"Woolr","865"
"Wools","866"
"Woolt","867"
"Woolton","868"
"Worce","869"
"Word","87"
"Wordi","871"
"Wordis","872"
"Worker","873"
"World","874"
"Worldi","875"
"Worldm","876"
"Worlds","877"
"Worm","878"
"Worms","879"
"Wormser","88"
"Worn","881"
"Worno","882"
"Worr","883"
"Worst","884"
"Worth","885"
"Worthe","886"
"Worthi","887"
"Worthin","888"
"Worthm","889"
"Worts","89"
"Wortsm","891"
"Wortss","892"
"Worw","893"
"Wos","894"
"Wosc","895"
"Wose","896"
"Woser","897"
"Wosi","898"
"Wosin","899"
"Wot","91"
"Woth","911"
"Wott","912"
"Wotte","913"
"Wotth","914"
"Wou","915"
"Wouk","916"
"Wow","917"
"Wox","918"
"Woy","919"
"Wr","92"
"Wrac","921"
"Wran","922"
"Wrat","923"
"Wre","924"
"Wrei","925"
"Wrel","926"
"Wren","927"
"Wrenc","928"
"Wrens","929"
"Wres","93"
"Wri","931"
"Wrie","932"
"Wright","933"
"Wright, L.","934"
"Wright, R.","935"
"Wrights","936"
"Wrightt","937"
"Wris","938"
"Wriston","939"
"Wro","94"
"Wrob","941"
"Wroe","942"
"Wrol","943"
"Wron","944"
"Wronk","945"
"Wronsk","946"
"Wrot","947"
"Wry","948"
"Wser","949"
"Wu","95"
"Wud","951"
"Wuer","952"
"Wues","953"
"Wui","954"
"Wuill","955"
"Wulf","956"
"Wulff","957"
"Wulk","958"
"Wull","959"
"Wuln","96"
"Wum","961"
"Wunder","962"
"Wup","963"
"Wurk","964"
"Wurm","965"
"Wurs","966"
"Wurtz","967"
"Wust","968"
"Wutz","969"
"Wy","97"
"Wyat","971"
"Wyatt","972"
"Wyc","973"
"Wyclif","974"
"Wyd","975"
"Wyer","976"
"Wyes","977"
"Wyet","978"
"Wyk","979"
"Wykes","98"
"Wyld","981"
"Wylie","982"
"Wyling","983"
"Wyll","984"
"Wyllie","985"
"Wym","986"
"Wyman","987"
"Wymann","988"
"Wyme","989"
"Wyn","99"
"Wynne","991"
"Wyo","992"
"Wyp","993"
"Wyr","994"
"Wyrl","995"
"Wys","996"
"Wyse","997"
"Wyss","998"
"Wyt","999"
"Y","1"
"Yab","11"
"Yac","12"
"Yad","13"
"Yag","14"
"Yah","15"
"Yal","16"
"Yale","17"
"Yam","18"
"Yamas","19"
"Yamaw","21"
"Yan","22"
"Yane","23"
"Yang","24"
"Yanhi","25"
"Yank","26"
"Yao","27"
"Yap","28"
"Yar","29"
"Yard","31"
"Yarm","32"
"Yars","33"
"Yas","34"
"Yat","35"
"Yate","36"
"Yaz","37"
"Yazi","38"
"Yb","39"
"Yca","41"
"Ye","42"
"Year","43"
"Yeat","44"
"Yeg","45"
"Yem","46"
"Yep","47"
"Yer","48"
"Yet","49"
"Yoa","51"
"Yod","52"
"Yoe","53"
"Yol","54"
"Yon","55"
"Yonge","56"
"Yonge, M.","57"
"Yop","58"
"Yor","59"
"York","61"
"Yorks","62"
"Yos","63"
"Yot","64"
"Yott","65"
"You","66"
"Young","67"
"Young, F.","68"
"Young, M.","69"
"Young, R.","71"
"Younger","72"
"Younis","73"
"Yount","74"
"Yous","75"
"Youss","76"
"Youst","77"
"Ypr","78"
"Yr","79"
"Ys","81"
"Yu","82"
"Yuf","83"
"Yuh","84"
"Yuk","85"
"Yula","86"
"Yule","87"
"Yuli","88"
"Yum","89"
"Yuna","91"
"Yunes","92"
"Yung","93"
"Yunis","94"
"Yuq","95"
"Yur","96"
"Yut","97"
"Yve","98"
"Yvo","99"
"X","1"
"Xa","11"
"Xam","12"
"Xand","13"
"Xando","14"
"Xar","15"
"Xav","16"
"Xavier","17"
"Xavier, C.","18"
"Xavier, F.","19"
"Xavier, L.","21"
"Xavier, P.","22"
"Xavier, R.","23"
"Xavier, T.","24"
"Xe","25"
"Xel","26"
"Xen","27"
"Xer","28"
"Xes","29"
"Xi","31"
"Xil","32"
"Xim","33"
"Ximenes","34"
"Ximenes, M.","35"
"Ximenez","36"
"Ximenez, M.","37"
"Xir","38"
"Xis","39"
"Xo","41"
"Xoi","42"
"Xon","43"
"Xor","44"
"Xud","45"
"Xug","46"
"Xun","47"
"Xur","48"
"Xy","49"
"Z","1"
"Za","11"
"Zab","12"
"Zabe","13"
"Zabr","14"
"Zac","15"
"Zace","16"
"Zach","17"
"Zacr","18"
"Zade","19"
"Zae","21"
"Zaf","22"
"Zag","23"
"Zah","24"
"Zak","25"
"Zal","26"
"Zam","27"
"Zamo","28"
"Zamp","29"
"Zan","31"
"Zane","32"
"Zanf","33"
"Zang","34"
"Zani","35"
"Zano","36"
"Zap","37"
"Zapp","38"
"Zara","39"
"Zarc","41"
"Zard","42"
"Zare","43"
"Zari","44"
"Zav","45"
"Zay","46"
"Ze","47"
"Zee","48"
"Zeg","49"
"Zel","51"
"Zell","52"
"Zem","53"
"Zen","54"
"Zeni","55"
"Zeno","56"
"Zep","57"
"Zer","58"
"Zeu","59"
"Zev","61"
"Zi","62"
"Zie","63"
"Zig","64"
"Zil","65"
"Zim","66"
"Zin","67"
"Zip","68"
"Zir","69"
"Zis","71"
"Zit","72"
"Zoc","73"
"Zoce","74"
"Zof","75"
"Zog","76"
"Zol","77"
"Zon","78"
"Zop","79"
"Zor","81"
"Zos","82"
"Zr","83"
"Zs","84"
"Zu","85"
"Zue","86"
"Zuk","87"
"Zul","88"
"Zup","89"
"Zuq","91"
"Zur","92"
"Zuz","93"
"Zv","94"
"Zwa","95"
"Zweig","96"
"Zwi","97"
"Zwo","98"
"Zy","99"
